{"episode_types": ["t", "t", "t", "t", "t", "t", "t", "t", "t", "t", "t", "t", "t", "t", "t", "t", "t", "t", "t", "t", "t", "t", "t", "t", "t", "t", "t", "t", "t", "t", "t", "t", "t", "t", "t", "t", "t", "t", "t"], "timestamps": [1574162796.9361136, 1574162797.2620564, 1574162797.4236145, 1574162797.5458882, 1574162798.7237325, 1574162798.8149776, 1574162799.0372329, 1574162799.3562143, 1574162799.5408928, 1574162801.4422045, 1574162801.527166, 1574162801.7208672, 1574162801.8540616, 1574162801.947461, 1574162803.0403564, 1574162803.3213773, 1574162805.1434731, 1574162808.4826765, 1574162810.451126, 1574162813.4120924, 1574162813.633999, 1574162816.25072, 1574162817.8327804, 1574162820.50159, 1574162823.084386, 1574162826.2246087, 1574162827.4064848, 1574162827.6350608, 1574162830.4579008, 1574162831.98497, 1574162835.9236588, 1574162838.761875, 1574162840.3062086, 1574162843.1537044, 1574162844.7639437, 1574162847.512218, 1574162850.1459308, 1574162851.775012], "episode_rewards": [26.0, 47.0, 19.0, 23.0, 14.0, 11.0, 35.0, 49.0, 26.0, 30.0, 16.0, 44.0, 19.0, 15.0, 15.0, 78.0, 153.0, 200.0, 134.0, 200.0, 78.0, 177.0, 200.0, 200.0, 200.0, 200.0, 49.0, 78.0, 200.0, 200.0, 200.0, 200.0, 200.0, 200.0, 200.0, 200.0, 200.0, 200.0], "episode_lengths": [26, 47, 19, 23, 14, 11, 35, 49, 26, 30, 16, 44, 19, 15, 15, 78, 153, 200, 134, 200, 78, 177, 200, 200, 200, 200, 49, 78, 200, 200, 200, 200, 200, 200, 200, 200, 200, 200], "initial_reset_timestamp": 1574162796.7606}