{"episode_types": ["t", "t", "t", "t", "t", "t", "t", "t", "t", "t", "t", "t", "t", "t", "t", "t", "t", "t", "t", "t", "t", "t", "t", "t", "t", "t", "t", "t", "t", "t", "t", "t"], "timestamps": [1574162797.3556824, 1574162797.6379483, 1574162798.946747, 1574162799.1814916, 1574162799.4379091, 1574162801.892198, 1574162803.1079092, 1574162803.2264464, 1574162803.3532622, 1574162804.8912878, 1574162805.125694, 1574162808.3094423, 1574162810.4119124, 1574162811.8597333, 1574162814.92793, 1574162816.4635193, 1574162819.1270466, 1574162821.830286, 1574162823.5949488, 1574162827.4997213, 1574162829.2522452, 1574162831.8161933, 1574162834.577182, 1574162837.3397584, 1574162840.144063, 1574162841.6790264, 1574162844.5879347, 1574162846.1868436, 1574162848.8899472, 1574162850.412668, 1574162853.2585003], "episode_rewards": [81.0, 42.0, 37.0, 40.0, 33.0, 134.0, 42.0, 38.0, 24.0, 83.0, 60.0, 144.0, 192.0, 140.0, 199.0, 200.0, 200.0, 200.0, 200.0, 200.0, 200.0, 169.0, 200.0, 200.0, 200.0, 200.0, 200.0, 200.0, 189.0, 200.0, 200.0], "episode_lengths": [81, 42, 37, 40, 33, 134, 42, 38, 24, 83, 60, 144, 192, 140, 199, 200, 200, 200, 200, 200, 200, 169, 200, 200, 200, 200, 200, 200, 189, 200, 200], "initial_reset_timestamp": 1574162796.774037}