{"episode_types": ["t", "t", "t", "t", "t", "t", "t", "t", "t", "t", "t", "t", "t", "t", "t", "t", "t", "t", "t", "t", "t", "t", "t", "t", "t", "t", "t", "t", "t", "t", "t", "t", "t", "t", "t", "t", "t", "t"], "timestamps": [1574162796.955909, 1574162797.2364, 1574162797.372734, 1574162797.5598922, 1574162797.6606596, 1574162798.7886703, 1574162798.970375, 1574162799.0260735, 1574162799.2391393, 1574162801.3811202, 1574162801.4250634, 1574162801.703435, 1574162801.913891, 1574162803.0139995, 1574162804.9940643, 1574162808.3877614, 1574162810.3691921, 1574162811.6602437, 1574162813.5551898, 1574162816.2613513, 1574162816.4223258, 1574162817.7020924, 1574162819.2531533, 1574162821.9405277, 1574162825.9068952, 1574162827.656452, 1574162829.1514776, 1574162831.782069, 1574162834.5407581, 1574162837.2906911, 1574162840.108672, 1574162841.6432328, 1574162844.5453877, 1574162846.1487033, 1574162848.9035141, 1574162851.555705, 1574162853.2761369], "episode_rewards": [27.0, 44.0, 15.0, 29.0, 10.0, 13.0, 25.0, 11.0, 34.0, 56.0, 15.0, 53.0, 39.0, 11.0, 200.0, 200.0, 157.0, 71.0, 200.0, 200.0, 70.0, 61.0, 200.0, 200.0, 200.0, 200.0, 111.0, 200.0, 200.0, 200.0, 200.0, 200.0, 200.0, 200.0, 200.0, 200.0, 200.0], "episode_lengths": [27, 44, 15, 29, 10, 13, 25, 11, 34, 56, 15, 53, 39, 11, 200, 200, 157, 71, 200, 200, 70, 61, 200, 200, 200, 200, 111, 200, 200, 200, 200, 200, 200, 200, 200, 200, 200], "initial_reset_timestamp": 1574162796.78424}