{"episode_types": ["t", "t", "t", "t", "t", "t", "t", "t", "t", "t", "t", "t", "t", "t", "t", "t", "t", "t", "t", "t", "t", "t", "t", "t", "t", "t", "t", "t", "t", "t", "t", "t", "t", "t", "t", "t", "t", "t", "t"], "timestamps": [1574162796.9984384, 1574162797.119967, 1574162797.291804, 1574162797.4060404, 1574162797.6222188, 1574162798.7692816, 1574162799.2569952, 1574162799.3375397, 1574162801.4006598, 1574162801.5551925, 1574162801.611801, 1574162801.6958132, 1574162801.757791, 1574162801.8546588, 1574162801.9595163, 1574162803.067295, 1574162804.849724, 1574162806.6450338, 1574162806.7290096, 1574162808.5471025, 1574162811.716952, 1574162813.621215, 1574162816.3321624, 1574162819.0258322, 1574162820.5668757, 1574162823.229461, 1574162826.2049353, 1574162829.0566368, 1574162830.6056902, 1574162834.4361606, 1574162837.2094278, 1574162838.8990088, 1574162841.5702202, 1574162843.3398464, 1574162846.053131, 1574162848.7680864, 1574162850.3086164, 1574162853.1514874], "episode_rewards": [31.0, 16.0, 29.0, 14.0, 31.0, 13.0, 75.0, 11.0, 54.0, 27.0, 14.0, 16.0, 16.0, 12.0, 15.0, 21.0, 148.0, 168.0, 35.0, 97.0, 187.0, 200.0, 200.0, 200.0, 200.0, 200.0, 172.0, 200.0, 200.0, 200.0, 200.0, 200.0, 200.0, 200.0, 200.0, 200.0, 200.0, 200.0], "episode_lengths": [31, 16, 29, 14, 31, 13, 75, 11, 54, 27, 14, 16, 16, 12, 15, 21, 148, 168, 35, 97, 187, 200, 200, 200, 200, 200, 172, 200, 200, 200, 200, 200, 200, 200, 200, 200, 200, 200], "initial_reset_timestamp": 1574162796.81196}