{"episode_types": ["t", "t", "t", "t", "t", "t", "t", "t", "t", "t", "t", "t", "t", "t", "t", "t", "t", "t", "t", "t", "t", "t", "t", "t", "t", "t", "t", "t", "t", "t", "t", "t", "t", "t", "t", "t", "t"], "timestamps": [1574162796.8869953, 1574162797.0694187, 1574162797.1583407, 1574162797.308394, 1574162797.45363, 1574162797.5354676, 1574162798.8966427, 1574162798.985742, 1574162799.1279137, 1574162799.181518, 1574162799.322077, 1574162799.408337, 1574162801.5692043, 1574162801.7915335, 1574162801.9475703, 1574162804.9650548, 1574162808.3567328, 1574162810.2646866, 1574162811.9015784, 1574162813.4245644, 1574162815.0503082, 1574162817.7342885, 1574162820.4063625, 1574162821.9675758, 1574162825.989935, 1574162827.7070594, 1574162830.4949083, 1574162834.332104, 1574162835.9598825, 1574162838.7946157, 1574162840.3436067, 1574162843.197055, 1574162845.9352822, 1574162847.5496125, 1574162850.1876924, 1574162851.8147254], "episode_rewards": [18.0, 25.0, 13.0, 21.0, 20.0, 15.0, 36.0, 19.0, 22.0, 11.0, 19.0, 9.0, 78.0, 45.0, 23.0, 200.0, 200.0, 132.0, 200.0, 52.0, 200.0, 198.0, 200.0, 200.0, 200.0, 200.0, 200.0, 200.0, 200.0, 200.0, 200.0, 200.0, 200.0, 200.0, 200.0, 200.0], "episode_lengths": [18, 25, 13, 21, 20, 15, 36, 19, 22, 11, 19, 9, 78, 45, 23, 200, 200, 132, 200, 52, 200, 198, 200, 200, 200, 200, 200, 200, 200, 200, 200, 200, 200, 200, 200, 200], "initial_reset_timestamp": 1574162796.7976813}