{"episode_types": ["t", "t", "t", "t", "t", "t", "t", "t", "t", "t", "t", "t", "t", "t", "t", "t", "t", "t", "t", "t", "t", "t", "t", "t", "t", "t", "t", "t", "t", "t", "t", "t", "t", "t", "t"], "timestamps": [1574162796.8975713, 1574162797.0078344, 1574162797.0825675, 1574162797.1970775, 1574162797.4695036, 1574162797.6050415, 1574162799.1001272, 1574162799.3919244, 1574162799.4868937, 1574162801.682418, 1574162801.9141014, 1574162804.783297, 1574162804.806229, 1574162806.6807761, 1574162810.236175, 1574162811.6742642, 1574162811.9360144, 1574162815.0012317, 1574162817.669901, 1574162819.2070317, 1574162821.9044108, 1574162823.9547966, 1574162827.4517121, 1574162829.2167993, 1574162831.8651786, 1574162835.8000138, 1574162837.3783238, 1574162840.182884, 1574162841.7236197, 1574162844.6439192, 1574162846.2332692, 1574162848.8473682, 1574162850.371421, 1574162853.2170677], "episode_rewards": [19.0, 14.0, 11.0, 18.0, 38.0, 19.0, 64.0, 44.0, 13.0, 91.0, 40.0, 138.0, 13.0, 200.0, 173.0, 117.0, 112.0, 200.0, 197.0, 200.0, 200.0, 200.0, 157.0, 200.0, 200.0, 200.0, 200.0, 200.0, 200.0, 200.0, 191.0, 164.0, 200.0, 200.0], "episode_lengths": [19, 14, 11, 18, 38, 19, 64, 44, 13, 91, 40, 138, 13, 200, 173, 117, 112, 200, 197, 200, 200, 200, 157, 200, 200, 200, 200, 200, 200, 200, 191, 164, 200, 200], "initial_reset_timestamp": 1574162796.7610366}