{"episode_types": ["t", "t", "t", "t", "t", "t", "t", "t", "t", "t", "t", "t", "t", "t", "t", "t", "t", "t", "t", "t", "t", "t", "t", "t", "t", "t", "t", "t", "t", "t", "t", "t", "t", "t", "t", "t", "t"], "timestamps": [1574162797.0691493, 1574162797.171925, 1574162797.2435865, 1574162797.3419948, 1574162797.4059384, 1574162797.4983013, 1574162797.6148548, 1574162798.8590662, 1574162799.1408834, 1574162799.2911391, 1574162799.4276633, 1574162801.4600182, 1574162801.6671937, 1574162801.903002, 1574162804.7572997, 1574162805.0862565, 1574162808.4548562, 1574162810.521217, 1574162813.3627472, 1574162813.6452138, 1574162816.3518672, 1574162819.0256708, 1574162820.566876, 1574162823.228975, 1574162826.2905376, 1574162827.560675, 1574162830.40616, 1574162831.9266667, 1574162835.8639026, 1574162837.4431427, 1574162840.2513313, 1574162843.0787783, 1574162844.7069438, 1574162847.4498215, 1574162849.0365942, 1574162851.711454], "episode_rewards": [43.0, 16.0, 12.0, 9.0, 10.0, 15.0, 15.0, 22.0, 51.0, 20.0, 19.0, 49.0, 47.0, 40.0, 137.0, 104.0, 200.0, 176.0, 149.0, 100.0, 200.0, 196.0, 200.0, 200.0, 200.0, 81.0, 200.0, 200.0, 200.0, 200.0, 200.0, 200.0, 200.0, 200.0, 200.0, 200.0], "episode_lengths": [43, 16, 12, 9, 10, 15, 15, 22, 51, 20, 19, 49, 47, 40, 137, 104, 200, 176, 149, 100, 200, 196, 200, 200, 200, 81, 200, 200, 200, 200, 200, 200, 200, 200, 200, 200], "initial_reset_timestamp": 1574162796.82193}