{"episode_types": ["t", "t", "t", "t", "t", "t", "t", "t", "t", "t", "t", "t", "t", "t", "t", "t", "t", "t", "t", "t", "t", "t", "t", "t", "t", "t", "t", "t", "t", "t", "t", "t", "t", "t", "t", "t", "t", "t"], "timestamps": [1574162796.9179425, 1574162797.050275, 1574162797.2820187, 1574162797.453583, 1574162797.545963, 1574162798.7238426, 1574162798.9269266, 1574162799.0042584, 1574162799.163479, 1574162799.3736136, 1574162799.4987526, 1574162801.3278525, 1574162801.543797, 1574162801.8789096, 1574162804.8614254, 1574162804.983339, 1574162806.5784261, 1574162808.3093932, 1574162810.350343, 1574162813.3628228, 1574162814.9041784, 1574162816.4381151, 1574162819.1092227, 1574162821.8114386, 1574162823.5189795, 1574162827.4678698, 1574162829.2345665, 1574162831.7969158, 1574162834.5571103, 1574162837.3084357, 1574162840.123418, 1574162841.6591063, 1574162844.563368, 1574162846.1664271, 1574162848.919675, 1574162851.5792336, 1574162853.2967644], "episode_rewards": [24.0, 14.0, 37.0, 22.0, 18.0, 14.0, 23.0, 20.0, 27.0, 26.0, 16.0, 11.0, 48.0, 66.0, 178.0, 37.0, 96.0, 81.0, 176.0, 200.0, 149.0, 200.0, 200.0, 200.0, 200.0, 200.0, 200.0, 173.0, 200.0, 200.0, 200.0, 200.0, 200.0, 200.0, 200.0, 200.0, 200.0], "episode_lengths": [24, 14, 37, 22, 18, 14, 23, 20, 27, 26, 16, 11, 48, 66, 178, 37, 96, 81, 176, 200, 149, 200, 200, 200, 200, 200, 200, 173, 200, 200, 200, 200, 200, 200, 200, 200, 200], "initial_reset_timestamp": 1574162796.7911475}