{"episode_types": ["t", "t", "t", "t", "t", "t", "t", "t", "t", "t", "t", "t", "t", "t", "t", "t", "t", "t", "t", "t", "t", "t", "t", "t", "t", "t", "t", "t", "t", "t", "t", "t", "t", "t", "t", "t"], "timestamps": [1574162796.96694, 1574162797.1282623, 1574162797.405958, 1574162798.6910434, 1574162798.9098206, 1574162799.0372224, 1574162799.4564555, 1574162801.3504484, 1574162801.4600441, 1574162801.5691226, 1574162801.8241112, 1574162803.081238, 1574162805.0317411, 1574162806.46034, 1574162806.6904821, 1574162808.4976225, 1574162810.2819118, 1574162811.7664356, 1574162814.860476, 1574162816.2814088, 1574162817.7882705, 1574162820.458912, 1574162822.028482, 1574162826.1675436, 1574162829.021499, 1574162830.5704746, 1574162834.397385, 1574162836.031115, 1574162838.8652217, 1574162841.5263448, 1574162843.295754, 1574162846.0017004, 1574162847.6144338, 1574162850.2541366, 1574162853.0942996], "episode_rewards": [27.0, 21.0, 42.0, 36.0, 23.0, 26.0, 62.0, 17.0, 27.0, 25.0, 49.0, 44.0, 200.0, 28.0, 96.0, 99.0, 89.0, 144.0, 200.0, 161.0, 168.0, 200.0, 200.0, 200.0, 200.0, 200.0, 200.0, 200.0, 200.0, 200.0, 200.0, 200.0, 200.0, 200.0, 200.0], "episode_lengths": [27, 21, 42, 36, 23, 26, 62, 17, 27, 25, 49, 44, 200, 28, 96, 99, 89, 144, 200, 161, 168, 200, 200, 200, 200, 200, 200, 200, 200, 200, 200, 200, 200, 200, 200], "initial_reset_timestamp": 1574162796.7718723}