{"episode_types": ["t", "t", "t", "t", "t", "t", "t", "t", "t", "t", "t", "t", "t", "t", "t", "t", "t", "t", "t", "t", "t", "t", "t", "t", "t", "t", "t", "t", "t", "t", "t", "t", "t", "t", "t", "t", "t", "t", "t", "t"], "timestamps": [1574162796.871593, 1574162797.0339024, 1574162797.1428738, 1574162797.3346493, 1574162797.4870737, 1574162797.5856194, 1574162798.7071583, 1574162799.0789084, 1574162799.2122922, 1574162799.3374748, 1574162801.3629994, 1574162801.8049157, 1574162803.1417994, 1574162803.238644, 1574162803.3022313, 1574162804.8348475, 1574162804.9324417, 1574162805.1069753, 1574162806.4817216, 1574162808.5194306, 1574162810.5386648, 1574162813.4932635, 1574162814.9866543, 1574162817.6577892, 1574162819.194422, 1574162821.8929825, 1574162823.9219153, 1574162827.601476, 1574162830.4300053, 1574162831.9529016, 1574162835.89235, 1574162837.4700692, 1574162840.2735827, 1574162843.1070044, 1574162844.7316089, 1574162847.4723506, 1574162849.0669053, 1574162851.736806, 1574162851.827248], "episode_rewards": [15.0, 21.0, 18.0, 25.0, 25.0, 12.0, 11.0, 54.0, 22.0, 17.0, 35.0, 97.0, 66.0, 30.0, 15.0, 78.0, 26.0, 44.0, 22.0, 197.0, 160.0, 189.0, 141.0, 200.0, 200.0, 200.0, 200.0, 200.0, 200.0, 200.0, 200.0, 200.0, 200.0, 200.0, 200.0, 200.0, 200.0, 200.0, 37.0], "episode_lengths": [15, 21, 18, 25, 25, 12, 11, 54, 22, 17, 35, 97, 66, 30, 15, 78, 26, 44, 22, 197, 160, 189, 141, 200, 200, 200, 200, 200, 200, 200, 200, 200, 200, 200, 200, 200, 200, 200, 37], "initial_reset_timestamp": 1574162796.7610633}