{"episode_types": ["t", "t", "t", "t", "t", "t", "t", "t", "t", "t", "t", "t", "t", "t", "t", "t", "t", "t", "t", "t", "t", "t", "t", "t", "t", "t", "t", "t", "t", "t", "t", "t", "t", "t", "t", "t"], "timestamps": [1574162796.9853687, 1574162797.110622, 1574162797.4239137, 1574162797.4985278, 1574162797.6222203, 1574162798.73917, 1574162798.8817248, 1574162799.0158772, 1574162799.4718308, 1574162801.4938328, 1574162801.8789973, 1574162803.0146153, 1574162803.3427124, 1574162804.9454336, 1574162808.33815, 1574162810.4843292, 1574162813.442942, 1574162813.5553274, 1574162816.2616634, 1574162817.8441234, 1574162820.5135584, 1574162823.0978978, 1574162826.236388, 1574162827.4856496, 1574162829.1725175, 1574162831.824158, 1574162834.5858865, 1574162837.3469112, 1574162840.1529732, 1574162841.6873586, 1574162844.597999, 1574162846.196509, 1574162848.9388711, 1574162851.598362, 1574162853.3232234], "episode_rewards": [29.0, 17.0, 46.0, 13.0, 16.0, 10.0, 15.0, 27.0, 65.0, 47.0, 81.0, 16.0, 88.0, 99.0, 200.0, 200.0, 195.0, 46.0, 200.0, 200.0, 200.0, 200.0, 200.0, 78.0, 170.0, 200.0, 200.0, 200.0, 200.0, 200.0, 200.0, 200.0, 200.0, 200.0, 200.0], "episode_lengths": [29, 17, 46, 13, 16, 10, 15, 27, 65, 47, 81, 16, 88, 99, 200, 200, 195, 46, 200, 200, 200, 200, 200, 78, 170, 200, 200, 200, 200, 200, 200, 200, 200, 200, 200], "initial_reset_timestamp": 1574162796.7954729}