{"episode_types": ["t", "t", "t", "t", "t", "t", "t", "t", "t", "t", "t", "t", "t", "t", "t", "t", "t", "t", "t", "t", "t", "t", "t", "t", "t", "t", "t", "t", "t", "t", "t", "t", "t", "t", "t", "t"], "timestamps": [1574162797.0249364, 1574162797.082527, 1574162797.2232313, 1574162797.396686, 1574162797.571258, 1574162798.8353636, 1574162799.0781665, 1574162799.224547, 1574162799.3056245, 1574162799.4565172, 1574162801.7680016, 1574162803.1561923, 1574162803.392813, 1574162805.051137, 1574162806.6251626, 1574162808.3740866, 1574162810.2943518, 1574162811.777031, 1574162813.584516, 1574162816.2905633, 1574162817.868071, 1574162820.531841, 1574162823.1474571, 1574162826.2562203, 1574162829.0884938, 1574162830.6365626, 1574162834.477682, 1574162837.2422447, 1574162838.9270978, 1574162841.5460405, 1574162843.3150446, 1574162846.0270066, 1574162847.6341069, 1574162850.2759583, 1574162853.1167433], "episode_rewards": [35.0, 9.0, 25.0, 20.0, 26.0, 27.0, 39.0, 24.0, 13.0, 19.0, 112.0, 71.0, 75.0, 112.0, 96.0, 76.0, 133.0, 145.0, 161.0, 200.0, 200.0, 200.0, 200.0, 200.0, 200.0, 200.0, 200.0, 200.0, 200.0, 173.0, 200.0, 200.0, 200.0, 200.0, 200.0], "episode_lengths": [35, 9, 25, 20, 26, 27, 39, 24, 13, 19, 112, 71, 75, 112, 96, 76, 133, 145, 161, 200, 200, 200, 200, 200, 200, 200, 200, 200, 200, 173, 200, 200, 200, 200, 200], "initial_reset_timestamp": 1574162796.808362}