{"episode_types": ["t", "t", "t", "t", "t", "t", "t", "t", "t", "t", "t", "t", "t", "t", "t", "t", "t", "t", "t", "t", "t", "t", "t", "t", "t", "t", "t", "t", "t", "t", "t", "t", "t", "t", "t", "t", "t", "t", "t"], "timestamps": [1574162797.0173585, 1574162797.18574, 1574162797.3084376, 1574162797.510486, 1574162797.6438477, 1574162798.8031874, 1574162799.0639932, 1574162799.1981685, 1574162801.5091608, 1574162801.7428434, 1574162801.929084, 1574162803.2470374, 1574162804.7721431, 1574162804.9033864, 1574162805.0063035, 1574162805.0636885, 1574162806.6565576, 1574162810.3067136, 1574162811.8426902, 1574162814.9147196, 1574162816.4500816, 1574162817.6390653, 1574162819.1742923, 1574162821.8766813, 1574162823.8209946, 1574162827.5734916, 1574162827.7652297, 1574162830.5503309, 1574162831.8076732, 1574162834.5679035, 1574162837.3258257, 1574162840.134775, 1574162841.6689253, 1574162844.5765758, 1574162846.1774113, 1574162848.929579, 1574162851.5896828, 1574162853.308905], "episode_rewards": [34.0, 26.0, 17.0, 28.0, 18.0, 16.0, 40.0, 23.0, 88.0, 54.0, 28.0, 76.0, 60.0, 48.0, 29.0, 23.0, 105.0, 200.0, 172.0, 200.0, 200.0, 28.0, 200.0, 200.0, 200.0, 200.0, 62.0, 200.0, 82.0, 200.0, 200.0, 200.0, 200.0, 200.0, 200.0, 200.0, 200.0, 200.0], "episode_lengths": [34, 26, 17, 28, 18, 16, 40, 23, 88, 54, 28, 76, 60, 48, 29, 23, 105, 200, 172, 200, 200, 28, 200, 200, 200, 200, 62, 200, 82, 200, 200, 200, 200, 200, 200, 200, 200, 200], "initial_reset_timestamp": 1574162796.8148866}