{"episode_types": ["t", "t", "t", "t", "t", "t", "t", "t", "t", "t", "t", "t", "t", "t", "t", "t", "t", "t", "t", "t", "t", "t", "t", "t", "t", "t", "t", "t", "t", "t", "t", "t", "t", "t", "t", "t", "t", "t", "t"], "timestamps": [1574162796.9042091, 1574162797.2087445, 1574162797.3420653, 1574162797.4237635, 1574162797.5272121, 1574162798.761672, 1574162798.909859, 1574162798.9595048, 1574162799.1635115, 1574162799.2740097, 1574162799.4176464, 1574162799.5409708, 1574162801.413365, 1574162801.6903358, 1574162803.4087288, 1574162804.9182577, 1574162806.4962816, 1574162808.2905657, 1574162810.4397085, 1574162813.400116, 1574162813.6668608, 1574162815.078784, 1574162817.7586465, 1574162820.4318094, 1574162821.9954226, 1574162826.067337, 1574162827.7458282, 1574162830.531273, 1574162834.3689196, 1574162836.0004647, 1574162838.8225584, 1574162840.3756511, 1574162843.2251542, 1574162845.9636638, 1574162846.1285305, 1574162848.8789322, 1574162850.4017181, 1574162853.2456849], "episode_rewards": [19.0, 46.0, 15.0, 12.0, 20.0, 22.0, 15.0, 13.0, 37.0, 12.0, 19.0, 20.0, 27.0, 54.0, 167.0, 63.0, 76.0, 115.0, 200.0, 200.0, 87.0, 130.0, 200.0, 200.0, 200.0, 200.0, 200.0, 200.0, 200.0, 200.0, 193.0, 200.0, 200.0, 200.0, 84.0, 200.0, 200.0, 200.0], "episode_lengths": [19, 46, 15, 12, 20, 22, 15, 13, 37, 12, 19, 20, 27, 54, 167, 63, 76, 115, 200, 200, 87, 130, 200, 200, 200, 200, 200, 200, 200, 200, 193, 200, 200, 200, 84, 200, 200, 200], "initial_reset_timestamp": 1574162796.7765858}