{"episode_types": ["t", "t", "t", "t", "t", "t", "t", "t", "t", "t", "t", "t", "t", "t", "t", "t", "t", "t", "t", "t", "t", "t", "t", "t", "t", "t", "t", "t", "t", "t", "t", "t", "t", "t", "t", "t", "t", "t", "t", "t", "t"], "timestamps": [1574162796.8715248, 1574162797.0826464, 1574162797.1719742, 1574162797.320018, 1574162797.4399805, 1574162797.5599432, 1574162798.7472441, 1574162798.8354318, 1574162799.305639, 1574162799.5200922, 1574162801.4824483, 1574162801.5948758, 1574162801.6462977, 1574162801.7680733, 1574162801.936814, 1574162803.2588236, 1574162803.3532362, 1574162804.8761795, 1574162805.0635908, 1574162808.265756, 1574162810.421083, 1574162811.8746722, 1574162814.9414659, 1574162816.48022, 1574162819.142099, 1574162821.8446329, 1574162823.65113, 1574162827.515016, 1574162829.2682817, 1574162831.8959835, 1574162835.8319974, 1574162837.406602, 1574162840.2203612, 1574162841.7535813, 1574162843.2705758, 1574162844.6231759, 1574162846.2451224, 1574162848.9694202, 1574162851.6241186, 1574162853.3476653], "episode_rewards": [15.0, 29.0, 15.0, 19.0, 15.0, 22.0, 17.0, 10.0, 76.0, 28.0, 37.0, 28.0, 15.0, 23.0, 24.0, 76.0, 22.0, 78.0, 59.0, 143.0, 200.0, 143.0, 200.0, 200.0, 200.0, 200.0, 200.0, 200.0, 200.0, 200.0, 200.0, 200.0, 200.0, 200.0, 81.0, 95.0, 200.0, 200.0, 200.0, 200.0], "episode_lengths": [15, 29, 15, 19, 15, 22, 17, 10, 76, 28, 37, 28, 15, 23, 24, 76, 22, 78, 59, 143, 200, 143, 200, 200, 200, 200, 200, 200, 200, 200, 200, 200, 200, 200, 81, 95, 200, 200, 200, 200], "initial_reset_timestamp": 1574162796.8087735}