{"episode_types": ["t", "t", "t", "t", "t", "t", "t", "t", "t", "t", "t", "t", "t", "t", "t", "t", "t", "t", "t", "t", "t", "t", "t", "t", "t", "t", "t", "t", "t", "t", "t", "t", "t", "t"], "timestamps": [1574162796.9558926, 1574162797.1004767, 1574162797.3865442, 1574162798.7071054, 1574162799.1131787, 1574162799.1977432, 1574162801.8345428, 1574162803.0516922, 1574162803.1301475, 1574162803.3323205, 1574162806.543698, 1574162808.5943568, 1574162811.699093, 1574162813.5176895, 1574162813.6096282, 1574162816.321736, 1574162819.012157, 1574162820.5556996, 1574162823.2016873, 1574162826.2799156, 1574162827.4204497, 1574162827.5352085, 1574162827.7204456, 1574162830.5059757, 1574162834.3425913, 1574162835.9704275, 1574162838.8062577, 1574162840.355384, 1574162843.207158, 1574162845.9465935, 1574162847.5609303, 1574162850.1989484, 1574162851.8264768], "episode_rewards": [27.0, 18.0, 43.0, 39.0, 58.0, 17.0, 155.0, 34.0, 26.0, 51.0, 200.0, 200.0, 155.0, 165.0, 41.0, 200.0, 200.0, 200.0, 200.0, 200.0, 31.0, 42.0, 55.0, 200.0, 200.0, 200.0, 200.0, 200.0, 200.0, 200.0, 200.0, 200.0, 200.0], "episode_lengths": [27, 18, 43, 39, 58, 17, 155, 34, 26, 51, 200, 200, 155, 165, 41, 200, 200, 200, 200, 200, 31, 42, 55, 200, 200, 200, 200, 200, 200, 200, 200, 200, 200], "initial_reset_timestamp": 1574162796.7605681}