{"Epoch": 0, "AverageReturn": 1.530612244897959, "MinReturn": 0.0, "MaxReturn": 5.0, "StdReturn": 1.326373617083422, "AverageEpisodeLength": 781.3469387755102, "MinEpisodeLength": 509.0, "MaxEpisodeLength": 1301.0, "StdEpisodeLength": 215.71604077057168, "TotalNEpisodes": 49, "TotalNSamples": 38286.0, "Entropy": 1.3493183851242065, "Perplexity": 3.854797124862671, "AveragePolicyProb[0]": 0.2519713044166565, "AveragePolicyProb[1]": 0.22523856163024902, "AveragePolicyProb[2]": 0.2583827078342438, "AveragePolicyProb[3]": 0.26440805196762085, "|VfPred|": 0.5911158919334412, "|VfTarget|": 0.5038243532180786, "VfLoss": 0.7000279426574707}
{"Epoch": 1, "AverageReturn": 1.797979797979798, "MinReturn": 0.0, "MaxReturn": 9.0, "StdReturn": 1.6451937835557442, "AverageEpisodeLength": 843.5656565656566, "MinEpisodeLength": 509.0, "MaxEpisodeLength": 1623.0, "StdEpisodeLength": 264.63018455592754, "TotalNEpisodes": 99, "TotalNSamples": 83513.0, "Entropy": 1.2763108015060425, "Perplexity": 3.583395481109619, "AveragePolicyProb[0]": 0.24756430089473724, "AveragePolicyProb[1]": 0.2099173218011856, "AveragePolicyProb[2]": 0.36198657751083374, "AveragePolicyProb[3]": 0.18053242564201355, "|VfPred|": 0.31014108657836914, "|VfTarget|": 0.30050787329673767, "VfLoss": 0.1118975505232811}
{"Epoch": 2, "AverageReturn": 1.85, "MinReturn": 0.0, "MaxReturn": 9.0, "StdReturn": 1.7168284713389397, "AverageEpisodeLength": 871.62, "MinEpisodeLength": 525.0, "MaxEpisodeLength": 1765.0, "StdEpisodeLength": 271.2437936617168, "TotalNEpisodes": 154, "TotalNSamples": 130625.0, "Entropy": 1.3440848588943481, "Perplexity": 3.8346755504608154, "AveragePolicyProb[0]": 0.28930073976516724, "AveragePolicyProb[1]": 0.23122809827327728, "AveragePolicyProb[2]": 0.28649550676345825, "AveragePolicyProb[3]": 0.19297552108764648, "|VfPred|": 0.35213592648506165, "|VfTarget|": 0.33829158544540405, "VfLoss": 0.1176743283867836}
