{"episode_lengths": [31, 16, 29, 14, 31, 16, 39, 74, 75, 33, 175, 138, 200, 200, 200, 133, 194, 200, 200, 200, 200, 200, 200, 200, 200, 200, 200, 200, 200, 200, 200, 200, 200, 200, 200, 200, 200, 200, 200, 200, 200, 200, 200, 200, 200, 200, 200, 77, 81, 200, 200, 200, 200, 200, 200, 200, 200, 200, 200, 187, 200, 200, 200, 200, 200, 200, 200, 200, 200, 200, 200, 200], "timestamps": [1574161971.2183244, 1574161971.3349469, 1574161971.5183241, 1574161971.635405, 1574161971.8871346, 1574161973.1682277, 1574161973.3766162, 1574161973.6999726, 1574161974.8785374, 1574161974.9955356, 1574161977.2690842, 1574161978.7439876, 1574161979.959519, 1574161981.8935742, 1574161983.9879725, 1574161985.0179098, 1574161986.180281, 1574161988.563125, 1574161989.992457, 1574161992.249787, 1574161994.3543987, 1574161995.6335511, 1574161997.8918102, 1574161999.1400604, 1574162001.250192, 1574162003.9597063, 1574162005.4475458, 1574162007.6765516, 1574162008.8633165, 1574162011.0432022, 1574162013.8690264, 1574162015.4934776, 1574162018.230469, 1574162019.914765, 1574162022.2930362, 1574162025.2183797, 1574162026.6958985, 1574162029.7770534, 1574162031.329126, 1574162033.9014246, 1574162036.3802989, 1574162037.6565063, 1574162040.677371, 1574162042.5574327, 1574162045.1485689, 1574162048.6231434, 1574162050.661133, 1574162051.9166305, 1574162053.0196447, 1574162054.3306646, 1574162056.9749875, 1574162058.4818006, 1574162060.6436481, 1574162062.9294786, 1574162064.6733258, 1574162068.216498, 1574162069.8375015, 1574162072.521744, 1574162074.8328435, 1574162075.9897158, 1574162077.91672, 1574162079.2245045, 1574162081.710801, 1574162083.4747524, 1574162085.9636657, 1574162088.5696745, 1574162090.4154217, 1574162093.11041, 1574162094.6206422, 1574162096.9593868, 1574162099.6426647, 1574162101.3506072], "initial_reset_timestamp": 1574161971.0106373, "episode_types": ["t", "t", "t", "t", "t", "t", "t", "t", "t", "t", "t", "t", "t", "t", "t", "t", "t", "t", "t", "t", "t", "t", "t", "t", "t", "t", "t", "t", "t", "t", "t", "t", "t", "t", "t", "t", "t", "t", "t", "t", "t", "t", "t", "t", "t", "t", "t", "t", "t", "t", "t", "t", "t", "t", "t", "t", "t", "t", "t", "t", "t", "t", "t", "t", "t", "t", "t", "t", "t", "t", "t", "t", "t"], "episode_rewards": [31.0, 16.0, 29.0, 14.0, 31.0, 16.0, 39.0, 74.0, 75.0, 33.0, 175.0, 138.0, 200.0, 200.0, 200.0, 133.0, 194.0, 200.0, 200.0, 200.0, 200.0, 200.0, 200.0, 200.0, 200.0, 200.0, 200.0, 200.0, 200.0, 200.0, 200.0, 200.0, 200.0, 200.0, 200.0, 200.0, 200.0, 200.0, 200.0, 200.0, 200.0, 200.0, 200.0, 200.0, 200.0, 200.0, 200.0, 77.0, 81.0, 200.0, 200.0, 200.0, 200.0, 200.0, 200.0, 200.0, 200.0, 200.0, 200.0, 187.0, 200.0, 200.0, 200.0, 200.0, 200.0, 200.0, 200.0, 200.0, 200.0, 200.0, 200.0, 200.0]}