{"episode_lengths": [27, 44, 15, 29, 10, 33, 38, 35, 96, 37, 176, 170, 200, 200, 190, 140, 179, 200, 200, 200, 200, 200, 200, 200, 200, 200, 200, 200, 200, 200, 200, 200, 200, 200, 200, 200, 200, 200, 200, 200, 200, 200, 200, 200, 200, 200, 79, 11, 107, 12, 20, 200, 200, 200, 200, 200, 200, 200, 200, 200, 200, 200, 200, 200, 200, 200, 200, 200, 200, 200, 200, 200, 200, 200, 200], "timestamps": [1574161971.169892, 1574161971.4616098, 1574161971.5877764, 1574161971.825874, 1574161971.9217992, 1574161973.279077, 1574161973.4598422, 1574161973.6024075, 1574161974.890844, 1574161975.0116427, 1574161977.2970018, 1574161978.822595, 1574161980.8012745, 1574161981.9732606, 1574161984.0339816, 1574161985.0937438, 1574161986.2303278, 1574161988.622294, 1574161990.9880702, 1574161992.294919, 1574161994.3973775, 1574161995.6833427, 1574161997.9388094, 1574162000.0292706, 1574162001.2989943, 1574162004.0123415, 1574162005.4958897, 1574162007.7223022, 1574162009.7914016, 1574162011.0998814, 1574162013.9204226, 1574162015.5558887, 1574162018.2825348, 1574162021.0078743, 1574162022.346766, 1574162025.2696002, 1574162026.7437458, 1574162029.828766, 1574162032.543388, 1574162033.9646282, 1574162036.4374084, 1574162037.7113304, 1574162040.778818, 1574162043.8807573, 1574162045.2078307, 1574162048.6861348, 1574162048.907351, 1574162050.2633543, 1574162050.7272573, 1574162051.809582, 1574162051.854626, 1574162053.2371807, 1574162055.477813, 1574162057.2103763, 1574162059.5729496, 1574162061.7489924, 1574162063.1618915, 1574162066.1544905, 1574162068.4138894, 1574162071.2340343, 1574162073.8001466, 1574162075.0539083, 1574162076.9398346, 1574162078.1623242, 1574162080.199558, 1574162083.2729256, 1574162084.7808683, 1574162087.39784, 1574162088.798609, 1574162091.9093397, 1574162094.437259, 1574162095.8577766, 1574162098.3392742, 1574162099.9028225, 1574162102.7101083], "initial_reset_timestamp": 1574161970.983345, "episode_types": ["t", "t", "t", "t", "t", "t", "t", "t", "t", "t", "t", "t", "t", "t", "t", "t", "t", "t", "t", "t", "t", "t", "t", "t", "t", "t", "t", "t", "t", "t", "t", "t", "t", "t", "t", "t", "t", "t", "t", "t", "t", "t", "t", "t", "t", "t", "t", "t", "t", "t", "t", "t", "t", "t", "t", "t", "t", "t", "t", "t", "t", "t", "t", "t", "t", "t", "t", "t", "t", "t", "t", "t", "t", "t", "t", "t"], "episode_rewards": [27.0, 44.0, 15.0, 29.0, 10.0, 33.0, 38.0, 35.0, 96.0, 37.0, 176.0, 170.0, 200.0, 200.0, 190.0, 140.0, 179.0, 200.0, 200.0, 200.0, 200.0, 200.0, 200.0, 200.0, 200.0, 200.0, 200.0, 200.0, 200.0, 200.0, 200.0, 200.0, 200.0, 200.0, 200.0, 200.0, 200.0, 200.0, 200.0, 200.0, 200.0, 200.0, 200.0, 200.0, 200.0, 200.0, 79.0, 11.0, 107.0, 12.0, 20.0, 200.0, 200.0, 200.0, 200.0, 200.0, 200.0, 200.0, 200.0, 200.0, 200.0, 200.0, 200.0, 200.0, 200.0, 200.0, 200.0, 200.0, 200.0, 200.0, 200.0, 200.0, 200.0, 200.0, 200.0]}