{"episode_lengths": [19, 46, 15, 12, 20, 48, 52, 44, 178, 94, 180, 175, 200, 164, 138, 160, 200, 200, 200, 200, 200, 200, 200, 200, 200, 200, 200, 200, 200, 200, 200, 200, 200, 200, 200, 200, 200, 200, 200, 200, 200, 200, 200, 200, 200, 174, 101, 85, 77, 200, 200, 200, 200, 200, 200, 200, 200, 200, 200, 200, 200, 200, 200, 200, 200, 200, 200, 200, 200, 200, 200, 200], "timestamps": [1574161971.1300495, 1574161971.4285176, 1574161971.5586195, 1574161971.6617231, 1574161971.7895818, 1574161973.2994683, 1574161973.5255134, 1574161974.6542118, 1574161976.110856, 1574161977.2521446, 1574161978.811182, 1574161980.7427926, 1574161981.919406, 1574161983.2002227, 1574161984.9631388, 1574161986.063885, 1574161987.3026772, 1574161989.8643007, 1574161992.1065173, 1574161993.4021688, 1574161995.5097365, 1574161996.9522748, 1574161999.0348666, 1574162001.142323, 1574162002.6673224, 1574162005.3231876, 1574162006.7802026, 1574162008.7354908, 1574162010.9295557, 1574162012.5897946, 1574162015.3613117, 1574162016.951178, 1574162019.7979436, 1574162022.172582, 1574162023.7682989, 1574162026.583414, 1574162028.5365543, 1574162031.1796536, 1574162033.778285, 1574162035.2045217, 1574162037.545482, 1574162039.198194, 1574162042.4488587, 1574162045.0165176, 1574162047.0872345, 1574162050.310845, 1574162050.742532, 1574162052.008152, 1574162053.0732858, 1574162054.396257, 1574162057.0264661, 1574162059.419379, 1574162060.6900127, 1574162062.9955497, 1574162064.7283447, 1574162068.2581546, 1574162071.062608, 1574162072.566128, 1574162074.8819003, 1574162076.0652392, 1574162077.994008, 1574162080.0416532, 1574162081.922453, 1574162084.6181848, 1574162086.0527864, 1574162088.6329014, 1574162091.7405822, 1574162093.2843783, 1574162095.6950164, 1574162097.046109, 1574162099.7133746, 1574162102.5504475], "initial_reset_timestamp": 1574161970.9805615, "episode_types": ["t", "t", "t", "t", "t", "t", "t", "t", "t", "t", "t", "t", "t", "t", "t", "t", "t", "t", "t", "t", "t", "t", "t", "t", "t", "t", "t", "t", "t", "t", "t", "t", "t", "t", "t", "t", "t", "t", "t", "t", "t", "t", "t", "t", "t", "t", "t", "t", "t", "t", "t", "t", "t", "t", "t", "t", "t", "t", "t", "t", "t", "t", "t", "t", "t", "t", "t", "t", "t", "t", "t", "t", "t"], "episode_rewards": [19.0, 46.0, 15.0, 12.0, 20.0, 48.0, 52.0, 44.0, 178.0, 94.0, 180.0, 175.0, 200.0, 164.0, 138.0, 160.0, 200.0, 200.0, 200.0, 200.0, 200.0, 200.0, 200.0, 200.0, 200.0, 200.0, 200.0, 200.0, 200.0, 200.0, 200.0, 200.0, 200.0, 200.0, 200.0, 200.0, 200.0, 200.0, 200.0, 200.0, 200.0, 200.0, 200.0, 200.0, 200.0, 174.0, 101.0, 85.0, 77.0, 200.0, 200.0, 200.0, 200.0, 200.0, 200.0, 200.0, 200.0, 200.0, 200.0, 200.0, 200.0, 200.0, 200.0, 200.0, 200.0, 200.0, 200.0, 200.0, 200.0, 200.0, 200.0, 200.0]}