{"episode_lengths": [34, 26, 17, 28, 18, 32, 21, 32, 25, 55, 200, 126, 200, 200, 154, 193, 164, 200, 200, 200, 200, 200, 200, 200, 200, 200, 200, 200, 200, 200, 200, 200, 200, 200, 200, 200, 200, 200, 200, 200, 200, 200, 200, 200, 200, 200, 181, 98, 99, 200, 200, 200, 200, 200, 200, 200, 200, 200, 200, 200, 200, 200, 200, 200, 200, 200, 200, 200, 200, 200, 200, 200], "timestamps": [1574161971.2380254, 1574161971.4056225, 1574161971.5268836, 1574161971.7737098, 1574161971.9115193, 1574161973.258928, 1574161973.3770475, 1574161973.5101726, 1574161973.6126702, 1574161974.7464526, 1574161976.2618318, 1574161977.4463222, 1574161979.8220897, 1574161981.756073, 1574161982.9793177, 1574161984.180195, 1574161986.0143325, 1574161987.252858, 1574161989.8206909, 1574161991.2146204, 1574161993.3354983, 1574161995.462079, 1574161996.909099, 1574161998.9899123, 1574162000.2479508, 1574162002.6186578, 1574162005.2696562, 1574162006.7306852, 1574162008.6853318, 1574162010.0318196, 1574162012.5252833, 1574162015.3059366, 1574162016.9036536, 1574162019.7530208, 1574162021.2647943, 1574162023.7243829, 1574162026.5363483, 1574162028.4859328, 1574162031.1308558, 1574162032.8038993, 1574162035.1455534, 1574162037.4972527, 1574162039.1359708, 1574162042.3880236, 1574162044.1346567, 1574162046.9478989, 1574162050.2479808, 1574162050.6996865, 1574162051.993694, 1574162054.2429316, 1574162055.646435, 1574162058.3826926, 1574162060.554638, 1574162061.8806932, 1574162064.5652742, 1574162066.344422, 1574162069.7369666, 1574162072.4273899, 1574162073.9408844, 1574162075.9279099, 1574162077.0700848, 1574162079.1604793, 1574162081.3518267, 1574162083.4103563, 1574162085.8974845, 1574162087.5274734, 1574162090.3206744, 1574162092.9857116, 1574162094.5630205, 1574162096.8913016, 1574162098.479771, 1574162101.2828705], "initial_reset_timestamp": 1574161971.0146866, "episode_types": ["t", "t", "t", "t", "t", "t", "t", "t", "t", "t", "t", "t", "t", "t", "t", "t", "t", "t", "t", "t", "t", "t", "t", "t", "t", "t", "t", "t", "t", "t", "t", "t", "t", "t", "t", "t", "t", "t", "t", "t", "t", "t", "t", "t", "t", "t", "t", "t", "t", "t", "t", "t", "t", "t", "t", "t", "t", "t", "t", "t", "t", "t", "t", "t", "t", "t", "t", "t", "t", "t", "t", "t", "t"], "episode_rewards": [34.0, 26.0, 17.0, 28.0, 18.0, 32.0, 21.0, 32.0, 25.0, 55.0, 200.0, 126.0, 200.0, 200.0, 154.0, 193.0, 164.0, 200.0, 200.0, 200.0, 200.0, 200.0, 200.0, 200.0, 200.0, 200.0, 200.0, 200.0, 200.0, 200.0, 200.0, 200.0, 200.0, 200.0, 200.0, 200.0, 200.0, 200.0, 200.0, 200.0, 200.0, 200.0, 200.0, 200.0, 200.0, 200.0, 181.0, 98.0, 99.0, 200.0, 200.0, 200.0, 200.0, 200.0, 200.0, 200.0, 200.0, 200.0, 200.0, 200.0, 200.0, 200.0, 200.0, 200.0, 200.0, 200.0, 200.0, 200.0, 200.0, 200.0, 200.0, 200.0]}