{"episode_lengths": [29, 17, 46, 13, 16, 10, 31, 28, 52, 42, 121, 150, 200, 160, 141, 200, 134, 126, 186, 200, 200, 200, 200, 200, 200, 200, 200, 200, 200, 200, 200, 200, 200, 200, 200, 200, 200, 200, 200, 200, 200, 200, 200, 200, 200, 200, 200, 200, 200, 200, 200, 200, 200, 200, 200, 200, 200, 200, 200, 200, 200, 200, 200, 200, 200, 200, 200, 200, 200, 200, 200, 200], "timestamps": [1574161971.2018356, 1574161971.3239272, 1574161971.6616836, 1574161971.7608366, 1574161971.887137, 1574161973.1270325, 1574161973.3178828, 1574161973.436469, 1574161973.6423283, 1574161974.7219434, 1574161976.0425453, 1574161977.3225904, 1574161979.66798, 1574161980.8188603, 1574161981.8639479, 1574161983.9532921, 1574161984.9830108, 1574161985.9865525, 1574161987.18261, 1574161989.7583833, 1574161991.1620233, 1574161993.2786856, 1574161995.3971899, 1574161996.849009, 1574161998.932213, 1574162000.1872833, 1574162002.5534413, 1574162005.19879, 1574162006.6621866, 1574162008.6136324, 1574162009.969192, 1574162012.4571745, 1574162015.2235281, 1574162016.839574, 1574162019.6879723, 1574162021.1929574, 1574162023.6597636, 1574162026.4793382, 1574162028.409165, 1574162031.0607104, 1574162032.7414825, 1574162035.0780613, 1574162037.438356, 1574162039.058687, 1574162042.3147774, 1574162044.0743878, 1574162046.7375987, 1574162050.2222009, 1574162051.9836938, 1574162054.2336814, 1574162055.6250005, 1574162058.3719757, 1574162060.5436993, 1574162061.8698902, 1574162064.5552795, 1574162066.3317244, 1574162069.724422, 1574162072.4135854, 1574162073.927747, 1574162075.9171383, 1574162077.0597992, 1574162079.149339, 1574162081.338676, 1574162083.3969264, 1574162085.887162, 1574162087.516127, 1574162090.3112986, 1574162092.974307, 1574162094.5528338, 1574162096.879586, 1574162098.463419, 1574162101.2717443], "initial_reset_timestamp": 1574161971.0011184, "episode_types": ["t", "t", "t", "t", "t", "t", "t", "t", "t", "t", "t", "t", "t", "t", "t", "t", "t", "t", "t", "t", "t", "t", "t", "t", "t", "t", "t", "t", "t", "t", "t", "t", "t", "t", "t", "t", "t", "t", "t", "t", "t", "t", "t", "t", "t", "t", "t", "t", "t", "t", "t", "t", "t", "t", "t", "t", "t", "t", "t", "t", "t", "t", "t", "t", "t", "t", "t", "t", "t", "t", "t", "t", "t"], "episode_rewards": [29.0, 17.0, 46.0, 13.0, 16.0, 10.0, 31.0, 28.0, 52.0, 42.0, 121.0, 150.0, 200.0, 160.0, 141.0, 200.0, 134.0, 126.0, 186.0, 200.0, 200.0, 200.0, 200.0, 200.0, 200.0, 200.0, 200.0, 200.0, 200.0, 200.0, 200.0, 200.0, 200.0, 200.0, 200.0, 200.0, 200.0, 200.0, 200.0, 200.0, 200.0, 200.0, 200.0, 200.0, 200.0, 200.0, 200.0, 200.0, 200.0, 200.0, 200.0, 200.0, 200.0, 200.0, 200.0, 200.0, 200.0, 200.0, 200.0, 200.0, 200.0, 200.0, 200.0, 200.0, 200.0, 200.0, 200.0, 200.0, 200.0, 200.0, 200.0, 200.0]}