{"episode_lengths": [35, 9, 25, 20, 26, 19, 40, 44, 112, 156, 200, 99, 200, 200, 181, 156, 161, 200, 200, 200, 200, 200, 200, 200, 200, 200, 200, 200, 200, 200, 200, 200, 200, 200, 200, 200, 200, 200, 200, 200, 200, 200, 200, 195, 200, 164, 107, 200, 200, 200, 200, 200, 200, 200, 200, 200, 200, 200, 200, 200, 200, 200, 200, 200, 200, 200, 200, 200, 200, 200, 200], "timestamps": [1574161971.2472148, 1574161971.2999575, 1574161971.445304, 1574161971.6211574, 1574161971.839675, 1574161973.1523187, 1574161973.3658676, 1574161973.5543344, 1574161974.9023478, 1574161976.248587, 1574161978.7712693, 1574161979.764518, 1574161980.9831293, 1574161983.0448241, 1574161984.1964054, 1574161986.002575, 1574161987.1460598, 1574161989.723844, 1574161991.1280901, 1574161993.238187, 1574161994.5168269, 1574161996.8143706, 1574161998.8965147, 1574162000.1569483, 1574162002.498405, 1574162004.1514685, 1574162006.6278853, 1574162008.5805154, 1574162009.9132166, 1574162012.414699, 1574162014.0502536, 1574162016.802357, 1574162019.651032, 1574162021.147318, 1574162023.6298053, 1574162025.4153686, 1574162028.3707523, 1574162031.0251944, 1574162032.684815, 1574162035.0295033, 1574162036.558058, 1574162039.0082128, 1574162042.2731714, 1574162044.001812, 1574162046.5979514, 1574162048.742659, 1574162050.4503067, 1574162052.0903168, 1574162054.3096833, 1574162056.9526615, 1574162058.4624135, 1574162060.6216087, 1574162061.9526937, 1574162064.6486523, 1574162067.3976471, 1574162069.8156607, 1574162072.4992812, 1574162074.0183687, 1574162076.0087314, 1574162077.936275, 1574162079.244029, 1574162081.7711105, 1574162083.4931588, 1574162085.98054, 1574162088.5854146, 1574162090.432575, 1574162093.1523564, 1574162094.639948, 1574162096.9773176, 1574162099.6605406, 1574162101.3677402], "initial_reset_timestamp": 1574161971.0017865, "episode_types": ["t", "t", "t", "t", "t", "t", "t", "t", "t", "t", "t", "t", "t", "t", "t", "t", "t", "t", "t", "t", "t", "t", "t", "t", "t", "t", "t", "t", "t", "t", "t", "t", "t", "t", "t", "t", "t", "t", "t", "t", "t", "t", "t", "t", "t", "t", "t", "t", "t", "t", "t", "t", "t", "t", "t", "t", "t", "t", "t", "t", "t", "t", "t", "t", "t", "t", "t", "t", "t", "t", "t", "t"], "episode_rewards": [35.0, 9.0, 25.0, 20.0, 26.0, 19.0, 40.0, 44.0, 112.0, 156.0, 200.0, 99.0, 200.0, 200.0, 181.0, 156.0, 161.0, 200.0, 200.0, 200.0, 200.0, 200.0, 200.0, 200.0, 200.0, 200.0, 200.0, 200.0, 200.0, 200.0, 200.0, 200.0, 200.0, 200.0, 200.0, 200.0, 200.0, 200.0, 200.0, 200.0, 200.0, 200.0, 200.0, 195.0, 200.0, 164.0, 107.0, 200.0, 200.0, 200.0, 200.0, 200.0, 200.0, 200.0, 200.0, 200.0, 200.0, 200.0, 200.0, 200.0, 200.0, 200.0, 200.0, 200.0, 200.0, 200.0, 200.0, 200.0, 200.0, 200.0, 200.0]}