{"episode_lengths": [15, 29, 15, 19, 15, 22, 25, 58, 44, 46, 200, 200, 86, 189, 200, 170, 200, 200, 200, 200, 200, 200, 200, 200, 200, 200, 200, 200, 200, 200, 200, 200, 200, 200, 200, 200, 200, 200, 200, 200, 200, 200, 200, 200, 200, 200, 200, 200, 81, 200, 200, 200, 200, 200, 200, 200, 200, 200, 200, 200, 200, 200, 200, 200, 200, 200, 200, 200, 200, 200, 200, 200], "timestamps": [1574161971.095117, 1574161971.3000445, 1574161971.3890193, 1574161971.541468, 1574161971.686029, 1574161971.8254004, 1574161973.1878502, 1574161973.4817297, 1574161973.6412864, 1574161974.745766, 1574161976.2610326, 1574161978.7811513, 1574161979.7170317, 1574161980.9165606, 1574161982.9640443, 1574161984.110885, 1574161986.0380862, 1574161987.2746809, 1574161989.8389258, 1574161992.0736034, 1574161993.35578, 1574161995.4799287, 1574161996.9283338, 1574161999.011333, 1574162001.1137114, 1574162002.639558, 1574162005.2895644, 1574162006.7527163, 1574162008.7063086, 1574162010.8964121, 1574162012.5564034, 1574162015.331534, 1574162016.924677, 1574162019.7733703, 1574162022.1457777, 1574162023.744675, 1574162026.5548937, 1574162028.5059896, 1574162031.15354, 1574162033.7464864, 1574162035.1739254, 1574162037.5174515, 1574162039.1629653, 1574162042.413935, 1574162044.9872518, 1574162047.0286815, 1574162050.3493633, 1574162052.0569692, 1574162053.1488934, 1574162055.3710494, 1574162057.114293, 1574162059.486814, 1574162060.7706966, 1574162063.074937, 1574162066.0542195, 1574162068.330458, 1574162071.1387177, 1574162072.65071, 1574162074.9599905, 1574162076.8532991, 1574162078.0693572, 1574162080.1131306, 1574162082.0165665, 1574162084.6943493, 1574162087.304341, 1574162088.7025094, 1574162091.8206534, 1574162093.4524748, 1574162095.7757483, 1574162098.236228, 1574162099.7882144, 1574162102.6234806], "initial_reset_timestamp": 1574161971.012445, "episode_types": ["t", "t", "t", "t", "t", "t", "t", "t", "t", "t", "t", "t", "t", "t", "t", "t", "t", "t", "t", "t", "t", "t", "t", "t", "t", "t", "t", "t", "t", "t", "t", "t", "t", "t", "t", "t", "t", "t", "t", "t", "t", "t", "t", "t", "t", "t", "t", "t", "t", "t", "t", "t", "t", "t", "t", "t", "t", "t", "t", "t", "t", "t", "t", "t", "t", "t", "t", "t", "t", "t", "t", "t", "t"], "episode_rewards": [15.0, 29.0, 15.0, 19.0, 15.0, 22.0, 25.0, 58.0, 44.0, 46.0, 200.0, 200.0, 86.0, 189.0, 200.0, 170.0, 200.0, 200.0, 200.0, 200.0, 200.0, 200.0, 200.0, 200.0, 200.0, 200.0, 200.0, 200.0, 200.0, 200.0, 200.0, 200.0, 200.0, 200.0, 200.0, 200.0, 200.0, 200.0, 200.0, 200.0, 200.0, 200.0, 200.0, 200.0, 200.0, 200.0, 200.0, 200.0, 81.0, 200.0, 200.0, 200.0, 200.0, 200.0, 200.0, 200.0, 200.0, 200.0, 200.0, 200.0, 200.0, 200.0, 200.0, 200.0, 200.0, 200.0, 200.0, 200.0, 200.0, 200.0, 200.0, 200.0]}