{"episode_lengths": [18, 25, 13, 21, 20, 15, 41, 89, 48, 40, 47, 200, 200, 200, 200, 200, 136, 165, 200, 200, 200, 200, 200, 200, 200, 200, 200, 200, 200, 200, 200, 200, 200, 200, 200, 200, 200, 200, 200, 200, 176, 200, 200, 200, 200, 200, 200, 200, 200, 200, 200, 200, 200, 200, 200, 200, 200, 200, 200, 200, 200, 200, 200, 200, 200, 200, 200, 200, 200, 200, 200, 200], "timestamps": [1574161971.1126263, 1574161971.2843435, 1574161971.3761752, 1574161971.5268307, 1574161971.7124066, 1574161971.799389, 1574161973.2453434, 1574161973.6413004, 1574161974.7618797, 1574161974.902545, 1574161975.9806342, 1574161977.3671293, 1574161979.7312167, 1574161980.9514728, 1574161983.0053594, 1574161984.9395077, 1574161985.966919, 1574161987.107897, 1574161989.687897, 1574161991.103836, 1574161993.2116332, 1574161994.4888935, 1574161996.7862175, 1574161998.862536, 1574162000.1318016, 1574162002.471264, 1574162004.1211617, 1574162006.598841, 1574162008.5476067, 1574162009.89206, 1574162012.3895388, 1574162014.0262887, 1574162016.774088, 1574162019.6234982, 1574162021.1178153, 1574162023.6086068, 1574162025.3765454, 1574162028.3385305, 1574162030.99724, 1574162032.6557956, 1574162034.9599273, 1574162036.5015194, 1574162038.8703544, 1574162040.885787, 1574162043.952734, 1574162046.4880264, 1574162048.7847643, 1574162051.873302, 1574162053.2554772, 1574162055.4965746, 1574162058.2692194, 1574162059.591698, 1574162061.768398, 1574162063.1875927, 1574162066.173938, 1574162069.5934176, 1574162071.257008, 1574162073.8186135, 1574162075.0739896, 1574162076.957061, 1574162079.0326188, 1574162080.2170763, 1574162083.2937696, 1574162084.7998414, 1574162087.4182048, 1574162090.151144, 1574162091.9290962, 1574162094.453998, 1574162095.8760977, 1574162098.3575046, 1574162101.1336129, 1574162102.7307718], "initial_reset_timestamp": 1574161970.9937527, "episode_types": ["t", "t", "t", "t", "t", "t", "t", "t", "t", "t", "t", "t", "t", "t", "t", "t", "t", "t", "t", "t", "t", "t", "t", "t", "t", "t", "t", "t", "t", "t", "t", "t", "t", "t", "t", "t", "t", "t", "t", "t", "t", "t", "t", "t", "t", "t", "t", "t", "t", "t", "t", "t", "t", "t", "t", "t", "t", "t", "t", "t", "t", "t", "t", "t", "t", "t", "t", "t", "t", "t", "t", "t", "t"], "episode_rewards": [18.0, 25.0, 13.0, 21.0, 20.0, 15.0, 41.0, 89.0, 48.0, 40.0, 47.0, 200.0, 200.0, 200.0, 200.0, 200.0, 136.0, 165.0, 200.0, 200.0, 200.0, 200.0, 200.0, 200.0, 200.0, 200.0, 200.0, 200.0, 200.0, 200.0, 200.0, 200.0, 200.0, 200.0, 200.0, 200.0, 200.0, 200.0, 200.0, 200.0, 176.0, 200.0, 200.0, 200.0, 200.0, 200.0, 200.0, 200.0, 200.0, 200.0, 200.0, 200.0, 200.0, 200.0, 200.0, 200.0, 200.0, 200.0, 200.0, 200.0, 200.0, 200.0, 200.0, 200.0, 200.0, 200.0, 200.0, 200.0, 200.0, 200.0, 200.0, 200.0]}