{"episode_lengths": [43, 16, 12, 9, 10, 15, 15, 63, 35, 47, 40, 42, 133, 147, 200, 200, 200, 173, 181, 200, 200, 200, 200, 200, 200, 200, 200, 200, 200, 200, 200, 200, 200, 200, 200, 200, 200, 200, 200, 200, 200, 200, 200, 200, 200, 200, 200, 200, 200, 12, 200, 200, 200, 200, 200, 200, 200, 200, 200, 200, 200, 200, 200, 200, 200, 200, 200, 200, 200, 200, 200, 200, 200, 200], "timestamps": [1574161971.2839649, 1574161971.3887658, 1574161971.4728332, 1574161971.558415, 1574161971.635095, 1574161971.7607658, 1574161971.8776484, 1574161973.4032857, 1574161973.560575, 1574161974.6793349, 1574161974.8115869, 1574161974.9608197, 1574161976.2332673, 1574161978.6201522, 1574161979.8640997, 1574161981.80098, 1574161983.1605008, 1574161985.003938, 1574161986.148118, 1574161988.5232868, 1574161989.952662, 1574161992.2063005, 1574161994.3210938, 1574161995.6000104, 1574161997.859538, 1574161999.1107237, 1574162001.2183456, 1574162003.9105349, 1574162005.4125528, 1574162007.6296592, 1574162008.8228915, 1574162011.0106678, 1574162013.82295, 1574162015.4457781, 1574162018.189286, 1574162019.8811433, 1574162022.256952, 1574162025.1713433, 1574162026.6559408, 1574162029.74127, 1574162031.287616, 1574162033.8642604, 1574162036.3382125, 1574162037.6218154, 1574162040.5950248, 1574162042.5236518, 1574162045.105203, 1574162048.5726662, 1574162050.5822308, 1574162050.6382806, 1574162053.0989265, 1574162054.4264328, 1574162057.050109, 1574162059.442043, 1574162060.715397, 1574162063.0248983, 1574162064.7563405, 1574162068.2810278, 1574162071.0866888, 1574162072.592832, 1574162074.907974, 1574162076.0892472, 1574162078.020598, 1574162080.067, 1574162081.9540355, 1574162084.6422236, 1574162086.0759609, 1574162088.65542, 1574162091.7730455, 1574162093.3613365, 1574162095.7244499, 1574162097.077935, 1574162099.7427547, 1574162102.5732791], "initial_reset_timestamp": 1574161971.0199368, "episode_types": ["t", "t", "t", "t", "t", "t", "t", "t", "t", "t", "t", "t", "t", "t", "t", "t", "t", "t", "t", "t", "t", "t", "t", "t", "t", "t", "t", "t", "t", "t", "t", "t", "t", "t", "t", "t", "t", "t", "t", "t", "t", "t", "t", "t", "t", "t", "t", "t", "t", "t", "t", "t", "t", "t", "t", "t", "t", "t", "t", "t", "t", "t", "t", "t", "t", "t", "t", "t", "t", "t", "t", "t", "t", "t", "t"], "episode_rewards": [43.0, 16.0, 12.0, 9.0, 10.0, 15.0, 15.0, 63.0, 35.0, 47.0, 40.0, 42.0, 133.0, 147.0, 200.0, 200.0, 200.0, 173.0, 181.0, 200.0, 200.0, 200.0, 200.0, 200.0, 200.0, 200.0, 200.0, 200.0, 200.0, 200.0, 200.0, 200.0, 200.0, 200.0, 200.0, 200.0, 200.0, 200.0, 200.0, 200.0, 200.0, 200.0, 200.0, 200.0, 200.0, 200.0, 200.0, 200.0, 200.0, 12.0, 200.0, 200.0, 200.0, 200.0, 200.0, 200.0, 200.0, 200.0, 200.0, 200.0, 200.0, 200.0, 200.0, 200.0, 200.0, 200.0, 200.0, 200.0, 200.0, 200.0, 200.0, 200.0, 200.0, 200.0]}