{"episode_lengths": [26, 47, 19, 23, 22, 59, 53, 85, 200, 194, 84, 200, 200, 200, 200, 200, 200, 200, 200, 200, 200, 200, 200, 200, 200, 200, 200, 200, 200, 200, 200, 200, 200, 200, 200, 200, 200, 200, 200, 200, 200, 200, 200, 200, 106, 158, 200, 200, 200, 200, 200, 200, 200, 200, 200, 200, 200, 200, 200, 200, 200, 200, 200, 200, 200, 200, 200, 200, 200, 200], "timestamps": [1574161971.1533778, 1574161971.489672, 1574161971.6614156, 1574161971.811367, 1574161973.168116, 1574161973.4532487, 1574161973.6872387, 1574161974.931626, 1574161977.2792895, 1574161978.8705266, 1574161979.8109314, 1574161981.7447257, 1574161983.105308, 1574161985.0385177, 1574161986.2089212, 1574161988.5931451, 1574161990.966525, 1574161992.2758691, 1574161994.380074, 1574161995.6622095, 1574161997.921203, 1574162000.0075629, 1574162001.2759314, 1574162003.9917548, 1574162005.4761295, 1574162007.705194, 1574162009.7737274, 1574162011.078038, 1574162013.8972855, 1574162015.5336862, 1574162018.2601418, 1574162020.9869058, 1574162022.32149, 1574162025.2483974, 1574162026.723462, 1574162029.8079622, 1574162032.5238712, 1574162033.9298444, 1574162036.4120276, 1574162037.6859076, 1574162040.7366345, 1574162043.8599434, 1574162045.1839032, 1574162048.6616921, 1574162050.2982087, 1574162051.927304, 1574162054.1670222, 1574162055.5495083, 1574162058.3174145, 1574162059.638672, 1574162061.8147628, 1574162064.4944465, 1574162066.255352, 1574162069.6572592, 1574162071.3080556, 1574162073.8710256, 1574162075.8620353, 1574162077.0035303, 1574162079.090846, 1574162080.2784858, 1574162083.3457055, 1574162085.8306046, 1574162087.4625146, 1574162090.2482777, 1574162091.9744654, 1574162094.5007842, 1574162096.7996454, 1574162098.409235, 1574162101.207453, 1574162102.780579], "initial_reset_timestamp": 1574161970.9656308, "episode_types": ["t", "t", "t", "t", "t", "t", "t", "t", "t", "t", "t", "t", "t", "t", "t", "t", "t", "t", "t", "t", "t", "t", "t", "t", "t", "t", "t", "t", "t", "t", "t", "t", "t", "t", "t", "t", "t", "t", "t", "t", "t", "t", "t", "t", "t", "t", "t", "t", "t", "t", "t", "t", "t", "t", "t", "t", "t", "t", "t", "t", "t", "t", "t", "t", "t", "t", "t", "t", "t", "t", "t"], "episode_rewards": [26.0, 47.0, 19.0, 23.0, 22.0, 59.0, 53.0, 85.0, 200.0, 194.0, 84.0, 200.0, 200.0, 200.0, 200.0, 200.0, 200.0, 200.0, 200.0, 200.0, 200.0, 200.0, 200.0, 200.0, 200.0, 200.0, 200.0, 200.0, 200.0, 200.0, 200.0, 200.0, 200.0, 200.0, 200.0, 200.0, 200.0, 200.0, 200.0, 200.0, 200.0, 200.0, 200.0, 200.0, 106.0, 158.0, 200.0, 200.0, 200.0, 200.0, 200.0, 200.0, 200.0, 200.0, 200.0, 200.0, 200.0, 200.0, 200.0, 200.0, 200.0, 200.0, 200.0, 200.0, 200.0, 200.0, 200.0, 200.0, 200.0, 200.0]}