{"episode_lengths": [19, 14, 11, 18, 38, 19, 109, 67, 57, 87, 64, 99, 137, 158, 122, 200, 194, 162, 179, 200, 200, 200, 200, 200, 200, 200, 200, 200, 200, 200, 200, 200, 200, 200, 200, 200, 200, 200, 200, 200, 200, 200, 200, 200, 200, 200, 200, 108, 105, 12, 11, 10, 200, 200, 200, 200, 200, 200, 200, 200, 200, 200, 200, 200, 200, 200, 200, 200, 200, 200, 200, 200, 200, 200, 200, 200], "timestamps": [1574161971.121655, 1574161971.2275898, 1574161971.3000047, 1574161971.416914, 1574161971.7315853, 1574161971.8658535, 1574161973.5848162, 1574161974.7782583, 1574161974.9754593, 1574161976.1264832, 1574161977.1830544, 1574161977.4204435, 1574161978.8905623, 1574161980.773743, 1574161981.773794, 1574161983.1316319, 1574161985.0508814, 1574161986.125487, 1574161988.430623, 1574161989.8964906, 1574161992.1283941, 1574161993.4242134, 1574161995.5313222, 1574161997.8009453, 1574161999.0552652, 1574162001.1627092, 1574162002.689876, 1574162005.3491461, 1574162007.552754, 1574162008.7634172, 1574162010.9522195, 1574162012.6144269, 1574162015.38104, 1574162018.100043, 1574162019.8204832, 1574162022.1935284, 1574162023.794112, 1574162026.604513, 1574162029.6828232, 1574162031.2083662, 1574162033.80102, 1574162035.233861, 1574162037.5677576, 1574162040.416288, 1574162042.4704068, 1574162045.0417504, 1574162047.1320045, 1574162048.8187008, 1574162050.5194423, 1574162050.5657363, 1574162050.6188974, 1574162050.6786294, 1574162053.1198719, 1574162054.4457393, 1574162057.0733356, 1574162059.461252, 1574162060.7372208, 1574162063.0447593, 1574162064.7800717, 1574162068.3028116, 1574162071.1087449, 1574162072.6148965, 1574162074.9272432, 1574162076.1069279, 1574162078.0406468, 1574162080.085172, 1574162081.9784398, 1574162084.6617339, 1574162086.0986247, 1574162088.6730366, 1574162091.792453, 1574162093.3957446, 1574162095.748159, 1574162097.104175, 1574162099.7615697, 1574162102.5956938], "initial_reset_timestamp": 1574161970.9663634, "episode_types": ["t", "t", "t", "t", "t", "t", "t", "t", "t", "t", "t", "t", "t", "t", "t", "t", "t", "t", "t", "t", "t", "t", "t", "t", "t", "t", "t", "t", "t", "t", "t", "t", "t", "t", "t", "t", "t", "t", "t", "t", "t", "t", "t", "t", "t", "t", "t", "t", "t", "t", "t", "t", "t", "t", "t", "t", "t", "t", "t", "t", "t", "t", "t", "t", "t", "t", "t", "t", "t", "t", "t", "t", "t", "t", "t", "t", "t"], "episode_rewards": [19.0, 14.0, 11.0, 18.0, 38.0, 19.0, 109.0, 67.0, 57.0, 87.0, 64.0, 99.0, 137.0, 158.0, 122.0, 200.0, 194.0, 162.0, 179.0, 200.0, 200.0, 200.0, 200.0, 200.0, 200.0, 200.0, 200.0, 200.0, 200.0, 200.0, 200.0, 200.0, 200.0, 200.0, 200.0, 200.0, 200.0, 200.0, 200.0, 200.0, 200.0, 200.0, 200.0, 200.0, 200.0, 200.0, 200.0, 108.0, 105.0, 12.0, 11.0, 10.0, 200.0, 200.0, 200.0, 200.0, 200.0, 200.0, 200.0, 200.0, 200.0, 200.0, 200.0, 200.0, 200.0, 200.0, 200.0, 200.0, 200.0, 200.0, 200.0, 200.0, 200.0, 200.0, 200.0, 200.0]}