{"episode_lengths": [81, 42, 19, 18, 28, 63, 34, 140, 198, 198, 200, 200, 146, 149, 200, 200, 200, 200, 200, 200, 200, 200, 200, 200, 200, 200, 200, 200, 200, 200, 200, 200, 200, 200, 200, 200, 200, 200, 200, 200, 200, 200, 200, 159, 170, 200, 200, 200, 200, 200, 200, 200, 200, 200, 200, 200, 200, 200, 200, 200, 200, 200, 200, 200, 200, 200, 200, 200, 200], "timestamps": [1574161971.5720496, 1574161971.9027438, 1574161973.2069316, 1574161973.2997947, 1574161973.4192195, 1574161974.6322649, 1574161974.7325578, 1574161976.0931854, 1574161977.4671152, 1574161979.8429685, 1574161981.785714, 1574161983.1431203, 1574161984.2053323, 1574161985.9795012, 1574161987.2260468, 1574161989.7993414, 1574161991.1962078, 1574161993.3168864, 1574161995.441837, 1574161996.8850422, 1574161998.9700456, 1574162000.226746, 1574162002.5928183, 1574162005.2482572, 1574162006.7063615, 1574162008.658804, 1574162010.0111976, 1574162012.498665, 1574162015.2835045, 1574162016.8771, 1574162019.7302022, 1574162021.237729, 1574162023.7042015, 1574162026.5164065, 1574162028.4647741, 1574162031.1061244, 1574162032.7799354, 1574162035.120635, 1574162037.4772074, 1574162039.108753, 1574162042.3635495, 1574162044.1130466, 1574162046.8527167, 1574162048.8469403, 1574162051.842931, 1574162053.2231615, 1574162055.4627888, 1574162057.1953294, 1574162059.5598817, 1574162061.734375, 1574162063.1482286, 1574162066.1388843, 1574162068.3994944, 1574162071.219434, 1574162073.7858648, 1574162075.0397801, 1574162076.9234998, 1574162078.1497386, 1574162080.1852496, 1574162083.2583034, 1574162084.7649252, 1574162087.3841538, 1574162088.7858064, 1574162091.8910775, 1574162094.4244134, 1574162095.8433444, 1574162098.327385, 1574162099.8837476, 1574162102.6959858], "initial_reset_timestamp": 1574161970.9838307, "episode_types": ["t", "t", "t", "t", "t", "t", "t", "t", "t", "t", "t", "t", "t", "t", "t", "t", "t", "t", "t", "t", "t", "t", "t", "t", "t", "t", "t", "t", "t", "t", "t", "t", "t", "t", "t", "t", "t", "t", "t", "t", "t", "t", "t", "t", "t", "t", "t", "t", "t", "t", "t", "t", "t", "t", "t", "t", "t", "t", "t", "t", "t", "t", "t", "t", "t", "t", "t", "t", "t", "t"], "episode_rewards": [81.0, 42.0, 19.0, 18.0, 28.0, 63.0, 34.0, 140.0, 198.0, 198.0, 200.0, 200.0, 146.0, 149.0, 200.0, 200.0, 200.0, 200.0, 200.0, 200.0, 200.0, 200.0, 200.0, 200.0, 200.0, 200.0, 200.0, 200.0, 200.0, 200.0, 200.0, 200.0, 200.0, 200.0, 200.0, 200.0, 200.0, 200.0, 200.0, 200.0, 200.0, 200.0, 200.0, 159.0, 170.0, 200.0, 200.0, 200.0, 200.0, 200.0, 200.0, 200.0, 200.0, 200.0, 200.0, 200.0, 200.0, 200.0, 200.0, 200.0, 200.0, 200.0, 200.0, 200.0, 200.0, 200.0, 200.0, 200.0, 200.0]}