{"episode_lengths": [15, 21, 18, 25, 25, 12, 11, 41, 29, 87, 29, 111, 141, 187, 130, 149, 152, 176, 200, 200, 200, 200, 200, 200, 200, 200, 200, 200, 200, 200, 200, 200, 200, 200, 200, 200, 200, 200, 200, 200, 200, 200, 200, 200, 200, 200, 200, 102, 200, 87, 75, 200, 200, 200, 200, 200, 200, 200, 200, 200, 200, 200, 200, 200, 200, 200, 200, 200, 200, 200, 200, 200, 200, 200, 200], "timestamps": [1574161971.09519, 1574161971.2580492, 1574161971.3630943, 1574161971.5498478, 1574161971.7495782, 1574161971.851139, 1574161973.0907464, 1574161973.336144, 1574161973.4669888, 1574161974.7128572, 1574161974.8435962, 1574161976.0792248, 1574161977.3438964, 1574161979.6494286, 1574161980.7273874, 1574161981.8145664, 1574161983.0334995, 1574161984.1691694, 1574161986.093912, 1574161988.4626458, 1574161989.9142733, 1574161992.1494484, 1574161993.4401367, 1574161995.5492866, 1574161997.8228943, 1574161999.075287, 1574162001.178565, 1574162002.7076542, 1574162005.365994, 1574162007.5816061, 1574162008.781797, 1574162010.9713383, 1574162012.634614, 1574162015.3967464, 1574162018.1365705, 1574162019.8400407, 1574162022.2102478, 1574162023.8121781, 1574162026.6201022, 1574162029.7013001, 1574162031.2260075, 1574162033.8189518, 1574162035.2560768, 1574162037.58562, 1574162040.4756854, 1574162042.4864728, 1574162045.0606859, 1574162046.5237274, 1574162048.8061056, 1574162050.4192927, 1574162050.7592432, 1574162053.1728208, 1574162055.4006627, 1574162057.1401331, 1574162059.5136929, 1574162060.7935965, 1574162063.0978997, 1574162066.080416, 1574162068.3521407, 1574162071.1700704, 1574162072.677734, 1574162074.983243, 1574162076.8751397, 1574162078.0951974, 1574162080.1372895, 1574162082.0627174, 1574162084.7149107, 1574162087.3304765, 1574162088.7213588, 1574162091.8426313, 1574162093.4908223, 1574162095.7973588, 1574162098.2636607, 1574162099.815403, 1574162102.6462405], "initial_reset_timestamp": 1574161970.966368, "episode_types": ["t", "t", "t", "t", "t", "t", "t", "t", "t", "t", "t", "t", "t", "t", "t", "t", "t", "t", "t", "t", "t", "t", "t", "t", "t", "t", "t", "t", "t", "t", "t", "t", "t", "t", "t", "t", "t", "t", "t", "t", "t", "t", "t", "t", "t", "t", "t", "t", "t", "t", "t", "t", "t", "t", "t", "t", "t", "t", "t", "t", "t", "t", "t", "t", "t", "t", "t", "t", "t", "t", "t", "t", "t", "t", "t", "t"], "episode_rewards": [15.0, 21.0, 18.0, 25.0, 25.0, 12.0, 11.0, 41.0, 29.0, 87.0, 29.0, 111.0, 141.0, 187.0, 130.0, 149.0, 152.0, 176.0, 200.0, 200.0, 200.0, 200.0, 200.0, 200.0, 200.0, 200.0, 200.0, 200.0, 200.0, 200.0, 200.0, 200.0, 200.0, 200.0, 200.0, 200.0, 200.0, 200.0, 200.0, 200.0, 200.0, 200.0, 200.0, 200.0, 200.0, 200.0, 200.0, 102.0, 200.0, 87.0, 75.0, 200.0, 200.0, 200.0, 200.0, 200.0, 200.0, 200.0, 200.0, 200.0, 200.0, 200.0, 200.0, 200.0, 200.0, 200.0, 200.0, 200.0, 200.0, 200.0, 200.0, 200.0, 200.0, 200.0, 200.0]}