{"episode_lengths": [27, 18, 43, 39, 42, 64, 64, 71, 76, 200, 200, 102, 200, 165, 200, 200, 200, 200, 200, 200, 200, 200, 200, 200, 200, 200, 200, 200, 200, 200, 200, 200, 200, 200, 200, 200, 200, 200, 200, 200, 200, 200, 200, 200, 109, 96, 71, 98, 200, 200, 200, 200, 200, 200, 200, 200, 200, 200, 200, 200, 200, 200, 200, 200, 200, 200, 200, 200, 200, 200, 200, 200], "timestamps": [1574161971.1699338, 1574161971.3159575, 1574161971.6094055, 1574161973.09009, 1574161973.3452363, 1574161973.6121948, 1574161974.7875178, 1574161975.0288308, 1574161976.1433196, 1574161978.665212, 1574161979.8985205, 1574161980.8721764, 1574161982.9236875, 1574161984.061527, 1574161985.9545171, 1574161987.2066677, 1574161989.7830188, 1574161991.1820405, 1574161993.300335, 1574161995.4240813, 1574161996.8685017, 1574161998.9511733, 1574162000.2103267, 1574162002.5761106, 1574162005.2284148, 1574162006.6848707, 1574162008.6350532, 1574162009.9954572, 1574162012.4797308, 1574162015.2677863, 1574162016.860856, 1574162019.7095563, 1574162021.218247, 1574162023.6874592, 1574162026.5015433, 1574162028.4374418, 1574162031.0839996, 1574162032.764193, 1574162035.0999424, 1574162037.4589846, 1574162039.0866864, 1574162042.3387637, 1574162044.0961869, 1574162046.7826607, 1574162048.6994786, 1574162050.2840216, 1574162050.60169, 1574162051.949106, 1574162054.196501, 1574162055.5732152, 1574162058.3388045, 1574162059.6614296, 1574162061.8369799, 1574162064.5200126, 1574162066.2840884, 1574162069.688212, 1574162071.3310869, 1574162073.8945851, 1574162075.884109, 1574162077.0244286, 1574162079.112238, 1574162080.300726, 1574162083.366755, 1574162085.8560064, 1574162087.485255, 1574162090.276129, 1574162091.9975867, 1574162094.5223641, 1574162096.8324463, 1574162098.4319441, 1574162101.2389889, 1574162102.8027437], "initial_reset_timestamp": 1574161970.9657366, "episode_types": ["t", "t", "t", "t", "t", "t", "t", "t", "t", "t", "t", "t", "t", "t", "t", "t", "t", "t", "t", "t", "t", "t", "t", "t", "t", "t", "t", "t", "t", "t", "t", "t", "t", "t", "t", "t", "t", "t", "t", "t", "t", "t", "t", "t", "t", "t", "t", "t", "t", "t", "t", "t", "t", "t", "t", "t", "t", "t", "t", "t", "t", "t", "t", "t", "t", "t", "t", "t", "t", "t", "t", "t", "t"], "episode_rewards": [27.0, 18.0, 43.0, 39.0, 42.0, 64.0, 64.0, 71.0, 76.0, 200.0, 200.0, 102.0, 200.0, 165.0, 200.0, 200.0, 200.0, 200.0, 200.0, 200.0, 200.0, 200.0, 200.0, 200.0, 200.0, 200.0, 200.0, 200.0, 200.0, 200.0, 200.0, 200.0, 200.0, 200.0, 200.0, 200.0, 200.0, 200.0, 200.0, 200.0, 200.0, 200.0, 200.0, 200.0, 109.0, 96.0, 71.0, 98.0, 200.0, 200.0, 200.0, 200.0, 200.0, 200.0, 200.0, 200.0, 200.0, 200.0, 200.0, 200.0, 200.0, 200.0, 200.0, 200.0, 200.0, 200.0, 200.0, 200.0, 200.0, 200.0, 200.0, 200.0]}