{"episode_lengths": [24, 14, 37, 22, 18, 17, 27, 38, 18, 32, 84, 117, 200, 130, 96, 107, 200, 163, 125, 181, 200, 200, 200, 200, 200, 200, 200, 200, 200, 200, 200, 200, 200, 200, 200, 200, 200, 200, 200, 200, 200, 200, 200, 200, 200, 200, 200, 200, 200, 174, 200, 200, 200, 200, 200, 200, 200, 200, 200, 200, 200, 200, 200, 200, 200, 200, 200, 200, 200, 200, 200, 200, 200, 200], "timestamps": [1574161971.1427016, 1574161971.2690847, 1574161971.5069492, 1574161971.7124248, 1574161971.8115318, 1574161973.1366239, 1574161973.2880118, 1574161973.466608, 1574161973.5428495, 1574161973.6683502, 1574161974.9159915, 1574161976.1576133, 1574161978.6814425, 1574161979.7412226, 1574161979.9765332, 1574161980.9668794, 1574161983.02173, 1574161984.1331663, 1574161985.1425304, 1574161987.054638, 1574161988.6834292, 1574161991.0430646, 1574161992.338519, 1574161994.4472082, 1574161996.7449245, 1574161997.9856129, 1574162000.073994, 1574162001.3470204, 1574162004.064497, 1574162006.5514305, 1574162007.7896166, 1574162009.8441155, 1574162011.1513755, 1574162013.9741497, 1574162016.7266066, 1574162018.3444297, 1574162021.0667775, 1574162022.3959699, 1574162025.3223164, 1574162028.286788, 1574162029.8994668, 1574162032.6019614, 1574162034.01931, 1574162036.4864542, 1574162038.8405414, 1574162040.8671699, 1574162043.9338133, 1574162045.3263366, 1574162048.7687843, 1574162050.7686348, 1574162053.1842413, 1574162055.413452, 1574162057.1537225, 1574162059.5252109, 1574162060.8044884, 1574162063.1088538, 1574162066.0901315, 1574162068.363084, 1574162071.1812203, 1574162072.6914165, 1574162074.9941432, 1574162076.8862185, 1574162078.1069982, 1574162080.148092, 1574162082.1799068, 1574162084.7270098, 1574162087.3415895, 1574162088.7326484, 1574162091.8530974, 1574162093.5069218, 1574162095.8073921, 1574162098.2760336, 1574162099.8278942, 1574162102.6559808], "initial_reset_timestamp": 1574161970.9986448, "episode_types": ["t", "t", "t", "t", "t", "t", "t", "t", "t", "t", "t", "t", "t", "t", "t", "t", "t", "t", "t", "t", "t", "t", "t", "t", "t", "t", "t", "t", "t", "t", "t", "t", "t", "t", "t", "t", "t", "t", "t", "t", "t", "t", "t", "t", "t", "t", "t", "t", "t", "t", "t", "t", "t", "t", "t", "t", "t", "t", "t", "t", "t", "t", "t", "t", "t", "t", "t", "t", "t", "t", "t", "t", "t", "t", "t"], "episode_rewards": [24.0, 14.0, 37.0, 22.0, 18.0, 17.0, 27.0, 38.0, 18.0, 32.0, 84.0, 117.0, 200.0, 130.0, 96.0, 107.0, 200.0, 163.0, 125.0, 181.0, 200.0, 200.0, 200.0, 200.0, 200.0, 200.0, 200.0, 200.0, 200.0, 200.0, 200.0, 200.0, 200.0, 200.0, 200.0, 200.0, 200.0, 200.0, 200.0, 200.0, 200.0, 200.0, 200.0, 200.0, 200.0, 200.0, 200.0, 200.0, 200.0, 174.0, 200.0, 200.0, 200.0, 200.0, 200.0, 200.0, 200.0, 200.0, 200.0, 200.0, 200.0, 200.0, 200.0, 200.0, 200.0, 200.0, 200.0, 200.0, 200.0, 200.0, 200.0, 200.0, 200.0, 200.0]}