{"episode_lengths": [27, 21, 42, 36, 63, 200, 200, 167, 200, 200, 170, 155, 200, 200, 200, 200, 200, 200, 200, 200, 200, 200, 200, 200, 200, 200, 200, 200, 200, 200, 200, 200, 200, 200, 200, 200, 200, 200, 200, 200, 200, 200, 88, 200, 200, 86, 200, 200, 200, 200, 200, 200, 200, 200, 200, 200, 200, 200, 200, 200, 200, 200, 200, 200, 200, 200, 200, 200], "timestamps": [1574161971.1833262, 1574161971.3437588, 1574161971.6351223, 1574161973.0574372, 1574161973.4279675, 1574161976.0155103, 1574161977.395768, 1574161979.682722, 1574161980.8966343, 1574161982.9466565, 1574161984.093779, 1574161985.172902, 1574161987.1239462, 1574161989.7087848, 1574161991.1168623, 1574161993.2277868, 1574161994.5034177, 1574161996.800589, 1574161998.8833876, 1574162000.1457355, 1574162002.484929, 1574162004.1368506, 1574162006.6148992, 1574162008.5686455, 1574162009.9028943, 1574162012.4032435, 1574162014.040546, 1574162016.7910817, 1574162019.6394184, 1574162021.1330562, 1574162023.6196764, 1574162025.390366, 1574162028.356675, 1574162031.0103827, 1574162032.670641, 1574162035.0158725, 1574162036.5462968, 1574162038.9947562, 1574162042.2595618, 1574162044.0172613, 1574162046.6308029, 1574162048.870255, 1574162050.5337522, 1574162053.0472052, 1574162054.3566322, 1574162055.508372, 1574162058.2798734, 1574162059.6023757, 1574162061.77951, 1574162063.1992946, 1574162066.1873207, 1574162069.6039019, 1574162071.268498, 1574162073.82958, 1574162075.0869896, 1574162076.968211, 1574162079.0444024, 1574162080.231863, 1574162083.3030782, 1574162084.81029, 1574162087.4296308, 1574162090.1703465, 1574162091.9384966, 1574162094.4658256, 1574162095.8878236, 1574162098.3671896, 1574162101.1434793, 1574162102.7420468], "initial_reset_timestamp": 1574161970.9822667, "episode_types": ["t", "t", "t", "t", "t", "t", "t", "t", "t", "t", "t", "t", "t", "t", "t", "t", "t", "t", "t", "t", "t", "t", "t", "t", "t", "t", "t", "t", "t", "t", "t", "t", "t", "t", "t", "t", "t", "t", "t", "t", "t", "t", "t", "t", "t", "t", "t", "t", "t", "t", "t", "t", "t", "t", "t", "t", "t", "t", "t", "t", "t", "t", "t", "t", "t", "t", "t", "t", "t"], "episode_rewards": [27.0, 21.0, 42.0, 36.0, 63.0, 200.0, 200.0, 167.0, 200.0, 200.0, 170.0, 155.0, 200.0, 200.0, 200.0, 200.0, 200.0, 200.0, 200.0, 200.0, 200.0, 200.0, 200.0, 200.0, 200.0, 200.0, 200.0, 200.0, 200.0, 200.0, 200.0, 200.0, 200.0, 200.0, 200.0, 200.0, 200.0, 200.0, 200.0, 200.0, 200.0, 200.0, 88.0, 200.0, 200.0, 86.0, 200.0, 200.0, 200.0, 200.0, 200.0, 200.0, 200.0, 200.0, 200.0, 200.0, 200.0, 200.0, 200.0, 200.0, 200.0, 200.0, 200.0, 200.0, 200.0, 200.0, 200.0, 200.0]}