{"Epoch": 841, "TotalNEpisodes": 0, "TotalNSamples": 0.0, "Entropy": 1.4534143209457397, "Perplexity": 4.277695178985596, "AveragePolicyProb[0]": 0.1464352160692215, "AveragePolicyProb[1]": 0.15669894218444824, "AveragePolicyProb[2]": 0.29741474986076355, "AveragePolicyProb[3]": 0.10278195142745972, "AveragePolicyProb[4]": 0.2951495051383972, "AveragePolicyProb[5]": 0.001518648350611329, "|VfPred|": 2.8650245666503906, "|VfTarget|": 2.8440916538238525, "VfLoss": 0.04182823747396469}
{"Epoch": 842, "AverageReturn": -20.875, "MinReturn": -21.0, "MaxReturn": -20.0, "StdReturn": 0.33071891388307384, "AverageEpisodeLength": 3110.375, "MinEpisodeLength": 3056.0, "MaxEpisodeLength": 3615.0, "StdEpisodeLength": 150.39442933499896, "TotalNEpisodes": 16, "TotalNSamples": 49766.0, "Entropy": 1.4989701509475708, "Perplexity": 4.477076053619385, "AveragePolicyProb[0]": 0.21025553345680237, "AveragePolicyProb[1]": 0.14870138466358185, "AveragePolicyProb[2]": 0.173124760389328, "AveragePolicyProb[3]": 0.29002946615219116, "AveragePolicyProb[4]": 0.1499609798192978, "AveragePolicyProb[5]": 0.02792806550860405, "|VfPred|": 1.6097713708877563, "|VfTarget|": 1.5745457410812378, "VfLoss": 0.1723422259092331}
{"Epoch": 843, "AverageReturn": -20.875, "MinReturn": -21.0, "MaxReturn": -20.0, "StdReturn": 0.33071891388307384, "AverageEpisodeLength": 3110.375, "MinEpisodeLength": 3056.0, "MaxEpisodeLength": 3615.0, "StdEpisodeLength": 150.39442933499896, "TotalNEpisodes": 16, "TotalNSamples": 49766.0, "Entropy": 1.5747735500335693, "Perplexity": 4.829648017883301, "AveragePolicyProb[0]": 0.19043324887752533, "AveragePolicyProb[1]": 0.16129127144813538, "AveragePolicyProb[2]": 0.14954304695129395, "AveragePolicyProb[3]": 0.2338799685239792, "AveragePolicyProb[4]": 0.1511344462633133, "AveragePolicyProb[5]": 0.1137176975607872, "|VfPred|": 0.5262874364852905, "|VfTarget|": 0.5744921565055847, "VfLoss": 0.11049661785364151}
{"Epoch": 844, "AverageReturn": -20.875, "MinReturn": -21.0, "MaxReturn": -20.0, "StdReturn": 0.33071891388307384, "AverageEpisodeLength": 3110.375, "MinEpisodeLength": 3056.0, "MaxEpisodeLength": 3615.0, "StdEpisodeLength": 150.39442933499896, "TotalNEpisodes": 16, "TotalNSamples": 49766.0, "Entropy": 1.5383291244506836, "Perplexity": 4.656802654266357, "AveragePolicyProb[0]": 0.16342280805110931, "AveragePolicyProb[1]": 0.1562366783618927, "AveragePolicyProb[2]": 0.09910661727190018, "AveragePolicyProb[3]": 0.18795417249202728, "AveragePolicyProb[4]": 0.1672624796628952, "AveragePolicyProb[5]": 0.22601714730262756, "|VfPred|": 0.7245008945465088, "|VfTarget|": 0.7572889924049377, "VfLoss": 0.057754699140787125}
{"Epoch": 845, "AverageReturn": -10.074074074074074, "MinReturn": -21.0, "MaxReturn": 14.0, "StdReturn": 14.370561281664283, "AverageEpisodeLength": 5425.740740740741, "MinEpisodeLength": 3056.0, "MaxEpisodeLength": 9490.0, "StdEpisodeLength": 2803.567312108874, "TotalNEpisodes": 27, "TotalNSamples": 146495.0, "Entropy": 1.5184811353683472, "Perplexity": 4.565285682678223, "AveragePolicyProb[0]": 0.1729767620563507, "AveragePolicyProb[1]": 0.1671058088541031, "AveragePolicyProb[2]": 0.08965694159269333, "AveragePolicyProb[3]": 0.1807919293642044, "AveragePolicyProb[4]": 0.1558840572834015, "AveragePolicyProb[5]": 0.23358391225337982, "|VfPred|": 0.9451195597648621, "|VfTarget|": 0.954450786113739, "VfLoss": 0.0282584298402071}
{"Epoch": 846, "AverageReturn": -8.387096774193548, "MinReturn": -21.0, "MaxReturn": 14.0, "StdReturn": 14.29792996376396, "AverageEpisodeLength": 6031.387096774193, "MinEpisodeLength": 3056.0, "MaxEpisodeLength": 11228.0, "StdEpisodeLength": 3064.718380762235, "TotalNEpisodes": 31, "TotalNSamples": 186973.0, "Entropy": 1.5345014333724976, "Perplexity": 4.639011859893799, "AveragePolicyProb[0]": 0.1684773713350296, "AveragePolicyProb[1]": 0.1755508929491043, "AveragePolicyProb[2]": 0.09703640639781952, "AveragePolicyProb[3]": 0.1743740737438202, "AveragePolicyProb[4]": 0.15435001254081726, "AveragePolicyProb[5]": 0.23021048307418823, "|VfPred|": 0.9250265955924988, "|VfTarget|": 0.9336476922035217, "VfLoss": 0.024277085438370705}
