{"initial_reset_timestamp": 1574165878.846139, "episode_lengths": [3588], "episode_rewards": [-20.0], "timestamps": [1574165994.3875542], "episode_types": ["t", "t"]}