{"initial_reset_timestamp": 1574165878.8839073, "episode_lengths": [3958], "episode_rewards": [-20.0], "timestamps": [1574166009.4567032], "episode_types": ["t", "t"]}