{"initial_reset_timestamp": 1574165879.0250256, "episode_lengths": [3796], "episode_rewards": [-20.0], "timestamps": [1574166003.2006934], "episode_types": ["t", "t"]}