{"initial_reset_timestamp": 1574165879.101032, "episode_lengths": [3544], "episode_rewards": [-21.0], "timestamps": [1574165992.802733], "episode_types": ["t", "t"]}