{"initial_reset_timestamp": 1574165878.931761, "episode_lengths": [3507], "episode_rewards": [-20.0], "timestamps": [1574165990.8069499], "episode_types": ["t", "t"]}