{"initial_reset_timestamp": 1574165879.0350523, "episode_lengths": [3493], "episode_rewards": [-21.0], "timestamps": [1574165990.3983593], "episode_types": ["t", "t"]}