{"initial_reset_timestamp": 1574165878.958589, "episode_lengths": [3441], "episode_rewards": [-20.0], "timestamps": [1574165988.5526872], "episode_types": ["t", "t"]}