{"initial_reset_timestamp": 1574165878.8459594, "episode_lengths": [3296], "episode_rewards": [-21.0], "timestamps": [1574165984.651583], "episode_types": ["t", "t"]}