{"initial_reset_timestamp": 1574165878.8788023, "episode_lengths": [3350], "episode_rewards": [-20.0], "timestamps": [1574165985.517664], "episode_types": ["t", "t"]}