{"initial_reset_timestamp": 1574165878.9280157, "episode_lengths": [3665], "episode_rewards": [-20.0], "timestamps": [1574165997.6482542], "episode_types": ["t", "t"]}