{"initial_reset_timestamp": 1574165879.0294127, "episode_lengths": [3304], "episode_rewards": [-21.0], "timestamps": [1574165984.8434749], "episode_types": ["t", "t"]}