{"initial_reset_timestamp": 1574165878.9715514, "episode_lengths": [3370], "episode_rewards": [-20.0], "timestamps": [1574165986.0920773], "episode_types": ["t", "t"]}