{"initial_reset_timestamp": 1574165878.8461082, "episode_lengths": [3540], "episode_rewards": [-21.0], "timestamps": [1574165993.0156608], "episode_types": ["t", "t"]}