{"initial_reset_timestamp": 1574165878.9330153, "episode_lengths": [3656], "episode_rewards": [-21.0], "timestamps": [1574165997.2626123], "episode_types": ["t", "t"]}