{"initial_reset_timestamp": 1574165879.101198, "episode_lengths": [4428], "episode_rewards": [-19.0], "timestamps": [1574166029.1827538], "episode_types": ["t", "t"]}