{"initial_reset_timestamp": 1574165878.8461187, "episode_lengths": [3412], "episode_rewards": [-21.0], "timestamps": [1574165988.0797007], "episode_types": ["t", "t"]}