{"Epoch": 0, "TotalNEpisodes": 0, "TotalNSamples": 0.0, "Entropy": 1.1801742315292358, "Perplexity": 3.25494122505188, "AveragePolicyProb[0]": 0.050271548330783844, "AveragePolicyProb[1]": 0.11966719478368759, "AveragePolicyProb[2]": 0.32964324951171875, "AveragePolicyProb[3]": 0.06548639386892319, "AveragePolicyProb[4]": 0.159406840801239, "AveragePolicyProb[5]": 0.2755257189273834, "|VfPred|": 3.707860231399536, "|VfTarget|": 3.5128471851348877, "VfLoss": 3.964449644088745}
{"Epoch": 1, "AverageReturn": -20.375, "MinReturn": -21.0, "MaxReturn": -19.0, "StdReturn": 0.5994789404140899, "AverageEpisodeLength": 3584.25, "MinEpisodeLength": 3296.0, "MaxEpisodeLength": 4428.0, "StdEpisodeLength": 278.230008266542, "TotalNEpisodes": 16, "TotalNSamples": 57348.0, "Entropy": 1.5062237977981567, "Perplexity": 4.509669303894043, "AveragePolicyProb[0]": 0.0808948203921318, "AveragePolicyProb[1]": 0.17084936797618866, "AveragePolicyProb[2]": 0.12551018595695496, "AveragePolicyProb[3]": 0.1232186108827591, "AveragePolicyProb[4]": 0.08454447239637375, "AveragePolicyProb[5]": 0.41498303413391113, "|VfPred|": 1.8543370962142944, "|VfTarget|": 1.8555703163146973, "VfLoss": 0.19155539572238922}
