{"timestamps": [1574165067.6367445, 1574165294.043964], "episode_lengths": [3056, 8513], "initial_reset_timestamp": 1574164971.610767, "episode_types": ["t", "t", "t"], "episode_rewards": [-21.0, 14.0]}