{"timestamps": [1574165066.6160514], "episode_lengths": [3056], "initial_reset_timestamp": 1574164971.7838938, "episode_types": ["t", "t"], "episode_rewards": [-21.0]}