{"timestamps": [1574165084.6489174, 1574165327.9403005], "episode_lengths": [3615, 9266], "initial_reset_timestamp": 1574164971.7387009, "episode_types": ["t", "t", "t"], "episode_rewards": [-20.0, 5.0]}