{"timestamps": [1574165066.2008038, 1574165300.3181646], "episode_lengths": [3056, 8760], "initial_reset_timestamp": 1574164971.755475, "episode_types": ["t", "t", "t"], "episode_rewards": [-21.0, 10.0]}