{"timestamps": [1574165067.6366394, 1574165303.3276353], "episode_lengths": [3056, 8885], "initial_reset_timestamp": 1574164971.610394, "episode_types": ["t", "t", "t"], "episode_rewards": [-21.0, 10.0]}