{"timestamps": [1574165067.63723, 1574165294.5003853], "episode_lengths": [3056, 8546], "initial_reset_timestamp": 1574164971.6137795, "episode_types": ["t", "t", "t"], "episode_rewards": [-21.0, 11.0]}