{"timestamps": [1574165066.4156647, 1574165314.6563408], "episode_lengths": [3056, 9341], "initial_reset_timestamp": 1574164971.6749783, "episode_types": ["t", "t", "t"], "episode_rewards": [-21.0, -12.0]}