{"timestamps": [1574165066.6188588, 1574165287.0866416], "episode_lengths": [3056, 8244], "initial_reset_timestamp": 1574164971.8397484, "episode_types": ["t", "t", "t"], "episode_rewards": [-21.0, -16.0]}