{"timestamps": [1574165066.415628, 1574165368.5154812], "episode_lengths": [3056, 11228], "initial_reset_timestamp": 1574164971.660945, "episode_types": ["t", "t", "t"], "episode_rewards": [-21.0, -8.0]}