{"timestamps": [1574165066.6159697, 1574165323.4432406], "episode_lengths": [3056, 9673], "initial_reset_timestamp": 1574164971.8536701, "episode_types": ["t", "t", "t"], "episode_rewards": [-21.0, 7.0]}