{"timestamps": [1574165066.616001, 1574165298.2963376], "episode_lengths": [3056, 8685], "initial_reset_timestamp": 1574164971.8381388, "episode_types": ["t", "t", "t"], "episode_rewards": [-21.0, 10.0]}