{"timestamps": [1574165067.656819, 1574165318.1144912], "episode_lengths": [3056, 9490], "initial_reset_timestamp": 1574164971.610439, "episode_types": ["t", "t", "t"], "episode_rewards": [-21.0, 6.0]}