{"timestamps": [1574165066.416677, 1574165296.9697874], "episode_lengths": [3056, 8644], "initial_reset_timestamp": 1574164971.663207, "episode_types": ["t", "t", "t"], "episode_rewards": [-21.0, 9.0]}