{"timestamps": [1574165066.1947377, 1574165340.9401236], "episode_lengths": [3056, 10311], "initial_reset_timestamp": 1574164971.7370257, "episode_types": ["t", "t", "t"], "episode_rewards": [-21.0, 8.0]}