{"timestamps": [1574165066.2151067, 1574165305.241789], "episode_lengths": [3056, 8967], "initial_reset_timestamp": 1574164971.725527, "episode_types": ["t", "t", "t"], "episode_rewards": [-21.0, 8.0]}