{"timestamps": [1574165076.187893, 1574165305.187132], "episode_lengths": [3367, 8654], "initial_reset_timestamp": 1574164971.6610672, "episode_types": ["t", "t", "t"], "episode_rewards": [-20.0, 12.0]}