{"episode_rewards": [0.0, 3.0, 3.0, 1.0, 1.0, 3.0, 0.0, 0.0, 0.0, 3.0, 1.0], "timestamps": [1574165517.417271, 1574165543.42365, 1574165567.9018397, 1574165587.0089324, 1574165604.0821218, 1574165635.911187, 1574165653.4064722, 1574165668.6653347, 1574165685.7762268, 1574165721.5325978, 1574165747.641826], "episode_lengths": [532, 1009, 1025, 759, 759, 1045, 608, 565, 572, 1073, 722], "episode_types": ["t", "t", "t", "t", "t", "t", "t", "t", "t", "t", "t", "t"], "initial_reset_timestamp": 1574165504.9620905}