{"episode_rewards": [5.0, 0.0, 0.0, 0.0, 0.0, 1.0, 4.0, 1.0, 2.0, 3.0, 1.0], "timestamps": [1574165538.4861155, 1574165549.78763, 1574165561.7488844, 1574165575.2082586, 1574165588.610194, 1574165605.899917, 1574165644.5787117, 1574165667.6180856, 1574165696.351663, 1574165731.5536597, 1574165758.7283921], "episode_lengths": [1301, 531, 540, 562, 555, 763, 1231, 769, 851, 1094, 744], "episode_types": ["t", "t", "t", "t", "t", "t", "t", "t", "t", "t", "t", "t"], "initial_reset_timestamp": 1574165504.8865943}