{"episode_rewards": [2.0, 0.0, 5.0, 3.0, 2.0, 0.0, 0.0, 3.0, 0.0, 0.0, 0.0], "timestamps": [1574165526.5698385, 1574165538.8742368, 1574165574.9833272, 1574165598.4958541, 1574165620.5146828, 1574165638.3335078, 1574165655.039798, 1574165689.045936, 1574165706.1257708, 1574165723.9792988, 1574165742.6885107], "episode_lengths": [871, 533, 1483, 1005, 860, 568, 583, 1048, 563, 601, 525], "episode_types": ["t", "t", "t", "t", "t", "t", "t", "t", "t", "t", "t", "t"], "initial_reset_timestamp": 1574165505.060798}