{"episode_rewards": [3.0, 1.0, 4.0, 4.0, 2.0, 2.0, 2.0, 2.0, 3.0], "timestamps": [1574165528.2001164, 1574165544.8340423, 1574165577.8722236, 1574165609.953993, 1574165636.1173677, 1574165666.6308775, 1574165694.1684666, 1574165723.3840644, 1574165763.3143551], "episode_lengths": [921, 720, 1324, 1304, 849, 942, 912, 897, 1086], "episode_types": ["t", "t", "t", "t", "t", "t", "t", "t", "t", "t"], "initial_reset_timestamp": 1574165504.9176197}