{"episode_rewards": [1.0, 4.0, 3.0, 2.0, 3.0, 1.0, 3.0, 5.0, 0.0], "timestamps": [1574165523.7640264, 1574165553.586315, 1574165580.1559987, 1574165600.4281268, 1574165630.7994533, 1574165654.8536847, 1574165688.884488, 1574165740.6503298, 1574165760.7618778], "episode_lengths": [767, 1250, 1052, 867, 1067, 757, 1064, 1442, 564], "episode_types": ["t", "t", "t", "t", "t", "t", "t", "t", "t", "t"], "initial_reset_timestamp": 1574165505.0089548}