{"episode_rewards": [4.0, 2.0, 2.0, 0.0, 2.0, 4.0, 2.0, 3.0, 2.0], "timestamps": [1574165534.7535563, 1574165551.784395, 1574165572.2123976, 1574165586.3792396, 1574165606.4741495, 1574165645.3592794, 1574165676.6434515, 1574165711.7790947, 1574165741.2922156], "episode_lengths": [1192, 782, 836, 596, 895, 1216, 966, 1088, 866], "episode_types": ["t", "t", "t", "t", "t", "t", "t", "t", "t", "t"], "initial_reset_timestamp": 1574165505.0034401}