{"episode_rewards": [1.0, 2.0, 1.0, 0.0, 2.0, 0.0, 0.0, 1.0, 2.0, 3.0, 0.0, 0.0], "timestamps": [1574165521.1913335, 1574165541.5593157, 1574165556.170572, 1574165568.0894516, 1574165590.9754517, 1574165602.3048613, 1574165615.2204788, 1574165639.1589704, 1574165670.3017907, 1574165705.1291864, 1574165721.8459609, 1574165740.4644961], "episode_lengths": [695, 878, 630, 563, 911, 529, 559, 748, 968, 1071, 556, 530], "episode_types": ["t", "t", "t", "t", "t", "t", "t", "t", "t", "t", "t", "t", "t"], "initial_reset_timestamp": 1574165504.9212456}