{"episode_rewards": [0.0, 2.0, 0.0, 2.0, 2.0, 0.0, 7.0, 2.0, 0.0, 3.0], "timestamps": [1574165517.392818, 1574165541.0602593, 1574165552.7764192, 1574165572.4324734, 1574165596.637282, 1574165608.6225946, 1574165667.8478506, 1574165699.4757948, 1574165715.6415172, 1574165754.8564336], "episode_lengths": [532, 945, 573, 854, 968, 556, 1765, 941, 572, 1032], "episode_types": ["t", "t", "t", "t", "t", "t", "t", "t", "t", "t", "t"], "initial_reset_timestamp": 1574165505.0106394}