{"episode_rewards": [1.0, 3.0, 3.0, 2.0, 2.0, 2.0, 1.0, 2.0, 0.0, 7.0], "timestamps": [1574165521.1252248, 1574165547.8312662, 1574165572.9451945, 1574165595.7626002, 1574165615.5531676, 1574165644.276006, 1574165664.7419667, 1574165695.206218, 1574165712.3796647, 1574165763.923645], "episode_lengths": [677, 1131, 1040, 886, 861, 889, 704, 962, 564, 1350], "episode_types": ["t", "t", "t", "t", "t", "t", "t", "t", "t", "t", "t"], "initial_reset_timestamp": 1574165505.0640833}