{"episode_rewards": [3.0, 2.0, 2.0, 0.0, 0.0, 4.0, 1.0, 0.0, 2.0, 2.0], "timestamps": [1574165529.3088593, 1574165549.2344909, 1574165570.6947334, 1574165584.8732426, 1574165597.7050052, 1574165633.465866, 1574165654.6835415, 1574165671.0952694, 1574165699.3893714, 1574165730.9863553], "episode_lengths": [970, 836, 900, 601, 557, 1232, 666, 608, 888, 949], "episode_types": ["t", "t", "t", "t", "t", "t", "t", "t", "t", "t", "t"], "initial_reset_timestamp": 1574165504.935415}