{"episode_rewards": [1.0, 3.0, 4.0, 0.0, 0.0, 0.0, 2.0, 4.0, 2.0, 0.0, 0.0], "timestamps": [1574165521.1521144, 1574165546.577211, 1574165577.429203, 1574165590.8285196, 1574165602.1678178, 1574165615.1200078, 1574165646.6469085, 1574165685.1212716, 1574165715.523762, 1574165734.2726395, 1574165752.5197284], "episode_lengths": [666, 1054, 1271, 579, 567, 580, 970, 1164, 961, 547, 556], "episode_types": ["t", "t", "t", "t", "t", "t", "t", "t", "t", "t", "t", "t"], "initial_reset_timestamp": 1574165504.8865943}