{"episode_rewards": [2.0, 0.0, 2.0, 0.0, 4.0, 4.0, 2.0, 3.0, 2.0, 1.0], "timestamps": [1574165526.810717, 1574165539.1579607, 1574165558.2942977, 1574165570.3502896, 1574165601.386951, 1574165638.5512407, 1574165668.320509, 1574165703.4344509, 1574165733.4405806, 1574165757.6457691], "episode_lengths": [880, 540, 867, 525, 1202, 1258, 958, 1032, 865, 707], "episode_types": ["t", "t", "t", "t", "t", "t", "t", "t", "t", "t", "t"], "initial_reset_timestamp": 1574165504.8865526}