{"episode_rewards": [4.0, 0.0, 2.0, 0.0, 1.0, 5.0, 0.0, 0.0, 3.0, 0.0, 1.0], "timestamps": [1574165534.6389716, 1574165546.5768545, 1574165565.8159137, 1574165579.7918959, 1574165597.614653, 1574165641.2036552, 1574165657.7700546, 1574165674.008642, 1574165706.3440802, 1574165724.151291, 1574165749.5734432], "episode_lengths": [1152, 509, 829, 537, 748, 1434, 577, 600, 986, 543, 743], "episode_types": ["t", "t", "t", "t", "t", "t", "t", "t", "t", "t", "t", "t"], "initial_reset_timestamp": 1574165504.8865442}