{"episode_rewards": [1.0, 0.0, 2.0, 0.0, 1.0, 2.0, 2.0, 2.0, 4.0, 5.0], "timestamps": [1574165521.1545355, 1574165533.340901, 1574165553.1983247, 1574165565.1918664, 1574165584.2548656, 1574165604.2552621, 1574165629.1605566, 1574165657.2245357, 1574165699.2179298, 1574165744.2662077], "episode_lengths": [677, 532, 844, 549, 751, 872, 868, 892, 1256, 1293], "episode_types": ["t", "t", "t", "t", "t", "t", "t", "t", "t", "t", "t"], "initial_reset_timestamp": 1574165504.9337995}