{"episode_rewards": [0.0, 2.0, 2.0, 3.0, 0.0, 5.0, 5.0, 0.0, 0.0, 2.0], "timestamps": [1574165517.404085, 1574165538.7690203, 1574165556.037364, 1574165582.939431, 1574165595.9578435, 1574165638.6356008, 1574165685.1239698, 1574165702.129235, 1574165718.4854956, 1574165749.3013082], "episode_lengths": [546, 823, 764, 1056, 558, 1426, 1393, 581, 564, 875], "episode_types": ["t", "t", "t", "t", "t", "t", "t", "t", "t", "t", "t"], "initial_reset_timestamp": 1574165504.964881}