{"episode_rewards": [1.0, 1.0, 0.0, 0.0, 9.0, 2.0, 1.0, 2.0, 3.0, 1.0, 0.0], "timestamps": [1574165521.2769053, 1574165538.6862464, 1574165549.9680398, 1574165562.0070925, 1574165605.8016112, 1574165630.0148368, 1574165654.0866573, 1574165678.854668, 1574165714.059694, 1574165739.4336538, 1574165758.450086], "episode_lengths": [687, 712, 556, 540, 1623, 870, 756, 784, 1079, 751, 521], "episode_types": ["t", "t", "t", "t", "t", "t", "t", "t", "t", "t", "t", "t"], "initial_reset_timestamp": 1574165504.9946485}